candidateId,level,lessonId,candidate,wiktionaryLemma,wiktionaryGenus,articlesInAuthoredText,inflectedSurface,status
lex-n-b2-21-451f798a,B2,b2-21,Audioaufnahme,,,die,no,lemma-not-in-wiktionary
lex-n-b2-21-80a88f01,B2,b2-21,Beschluss,Beschluss,m,der,no,agrees
lex-n-b2-21-0d90863e,B2,b2-21,Datum,Datum,n,das,no,agrees
lex-n-b2-21-a338dcae,B2,b2-21,Dokument,Dokument,n,das,no,agrees
lex-n-b2-21-af8eb990,B2,b2-21,Entwurf,Entwurf,m,ein,no,agrees
lex-n-b2-21-a50c40f2,B2,b2-21,Firma,Firma,f,der,no,agrees
lex-n-b2-21-f0101dc4,B2,b2-21,Formulierung,Formulierung,f,die,no,agrees
lex-n-b2-21-ae02258d,B2,b2-21,Frist,Frist,f,die,no,agrees
lex-n-b2-21-9ee5d8b4,B2,b2-21,Korrektur,Korrektur,f,die;eine,no,agrees
lex-n-b2-21-0070fe04,B2,b2-21,Lage,Lage,f,die,no,agrees
lex-n-b2-21-0b8faa5f,B2,b2-21,Maßnahme,Maßnahme,f,die,no,agrees
lex-n-b2-21-aee92de8,B2,b2-21,Mittel,Mittel,n,die,no,discrepancy
lex-n-b2-21-ba42a369,B2,b2-21,Prüfung,Prüfung,f,der;die,no,agrees
lex-n-b2-21-4ec1300b,B2,b2-21,Quelle,Quelle,f,die,no,agrees
lex-n-b2-21-d8eece64,B2,b2-21,Text,Text,m,den;der,no,agrees
lex-n-b2-21-014d9cf1,B2,b2-21,Vorlage,Vorlage,f,der,no,agrees
lex-n-b2-21-5db5e099,B2,b2-21,Zahlen,Zahl,f,die,yes,agrees
lex-n-b2-22-01fe6fed,B2,b2-22,Antrag,Antrag,m,der,no,agrees
lex-n-b2-22-f550c86d,B2,b2-22,Attribut,Attribut,n,das,no,agrees
lex-n-b2-22-9c301c2e,B2,b2-22,Begründung,Begründung,f,die,no,agrees
lex-n-b2-22-241d586c,B2,b2-22,Behörde,Behörde,f,der;die,no,agrees
lex-n-b2-22-0e913452,B2,b2-22,Berücksichtigung,Berücksichtigung,f,ein,no,agrees
lex-n-b2-22-ecea19c1,B2,b2-22,Fall,Fall,m,der,no,agrees
lex-n-b2-22-b6aa3172,B2,b2-22,Freitag,Freitag,m,die,no,discrepancy
lex-n-b2-22-c1d330ac,B2,b2-22,Frist,Frist,f,die,no,agrees
lex-n-b2-22-ccaa086b,B2,b2-22,Hinweis,Hinweis,m,der,no,agrees
lex-n-b2-22-0745839f,B2,b2-22,Lage,Lage,f,der,no,agrees
lex-n-b2-22-32c52d12,B2,b2-22,Montag,Montag,m,der;die,no,discrepancy
lex-n-b2-22-e5088bd6,B2,b2-22,Nachbesserung,,,die,no,lemma-not-in-wiktionary
lex-n-b2-22-24afbd68,B2,b2-22,Protokoll,Protokoll,n,die,no,discrepancy
lex-n-b2-22-281f435c,B2,b2-22,Prüfung,Prüfung,f,die,no,agrees
lex-n-b2-22-9cb15937,B2,b2-22,Relativsatz,Relativsatz,m,ein,no,agrees
lex-n-b2-22-94ff724a,B2,b2-22,Rückmeldung,Rückmeldung,f,die,no,agrees
lex-n-b2-22-65af7197,B2,b2-22,Sachverhalt,Sachverhalt,m,den,no,agrees
lex-n-b2-22-10412086,B2,b2-22,Seiten,Seite,f,die,yes,agrees
lex-n-b2-22-6d78bdc4,B2,b2-22,Vermerk,Vermerk,m,der,no,agrees
lex-n-b2-22-40224550,B2,b2-22,Verstoß,Verstoß,m,ein,no,agrees
lex-n-b2-23-8bf63695,B2,b2-23,Ablehnung,Ablehnung,f,die,no,agrees
lex-n-b2-23-b14ddf94,B2,b2-23,Antrag,Antrag,m,den;der,no,agrees
lex-n-b2-23-049778a5,B2,b2-23,Antrags,Antrag,m,den;des,yes,agrees
lex-n-b2-23-5e3702d4,B2,b2-23,Arbeitsgruppe,Arbeitsgruppe,f,die,no,agrees
lex-n-b2-23-7ff91a71,B2,b2-23,Attests,Attest,n,eines,yes,agrees
lex-n-b2-23-20459862,B2,b2-23,Auswertung,Auswertung,f,die,no,agrees
lex-n-b2-23-d8bc3eef,B2,b2-23,Bearbeitungsdauer,Bearbeitungsdauer,f,die,no,agrees
lex-n-b2-23-21b7b975,B2,b2-23,Bescheids,Bescheid,m,des,yes,agrees
lex-n-b2-23-41929dc9,B2,b2-23,Daten,Date,n,der,yes,discrepancy
lex-n-b2-23-903fe721,B2,b2-23,Einrichtung,Einrichtung,f,der,no,agrees
lex-n-b2-23-a84c0992,B2,b2-23,Einspruch,Einspruch,m,ein,no,agrees
lex-n-b2-23-428bbbb7,B2,b2-23,Einverständnis,Einverständnis,n,das,no,agrees
lex-n-b2-23-a0fe65ff,B2,b2-23,Eltern,,,der,no,lemma-not-in-wiktionary
lex-n-b2-23-3116f769,B2,b2-23,Fristversäumnis,,,der;die,no,lemma-not-in-wiktionary
lex-n-b2-23-85eac1d1,B2,b2-23,Gebühr,Gebühr,f,der,no,agrees
lex-n-b2-23-43c8d837,B2,b2-23,Gebührenbefreiung,,,die,no,lemma-not-in-wiktionary
lex-n-b2-23-9a6995c0,B2,b2-23,Hinweis,Hinweis,m,der,no,agrees
lex-n-b2-23-97886831,B2,b2-23,Hochschule,Hochschule,f,der;die,no,agrees
lex-n-b2-23-26d277a0,B2,b2-23,Kandidaten,Kandidat,m,den;des,yes,agrees
lex-n-b2-23-84211e29,B2,b2-23,Nachfrist,,,der,no,lemma-not-in-wiktionary
lex-n-b2-23-97de7ad8,B2,b2-23,Niederschlagung,Niederschlagung,f,die,no,agrees
lex-n-b2-23-48f72433,B2,b2-23,Prüfung,Prüfung,f,der;die,no,agrees
lex-n-b2-23-dc9e387d,B2,b2-23,Rückmeldung,Rückmeldung,f,die,no,agrees
lex-n-b2-23-f0cc5641,B2,b2-23,Satzung,Satzung,f,der,no,agrees
lex-n-b2-23-c0cc5d1c,B2,b2-23,Schreiben,Schreiben,n,ein,no,agrees
lex-n-b2-23-26a98d7d,B2,b2-23,Studierendensekretariats,,,des,no,lemma-not-in-wiktionary
lex-n-b2-23-9e728169,B2,b2-23,Stundung,,,die,no,lemma-not-in-wiktionary
lex-n-b2-23-f897595c,B2,b2-23,Verhältnis,Verhältnis,n,das,no,agrees
lex-n-b2-23-51e9b216,B2,b2-23,Verlängerung,Verlängerung,f,die,no,agrees
lex-n-b2-23-f4d4ba7b,B2,b2-23,Versäumnis,,,das,no,lemma-not-in-wiktionary
lex-n-b2-23-9b02ad13,B2,b2-23,Vorlage,Vorlage,f,die,no,agrees
lex-n-b2-23-2aeb1bf1,B2,b2-23,Wort,Wort,n,ein,no,agrees
lex-n-b2-23-29730a0a,B2,b2-23,Zustellung,Zustellung,f,die,no,agrees
lex-n-b2-24-38b41a6e,B2,b2-24,Anlage,Anlage,f,die,no,agrees
lex-n-b2-24-1f4613cf,B2,b2-24,Antrag,Antrag,m,den;der;ein,no,agrees
lex-n-b2-24-240220ea,B2,b2-24,Behörde,Behörde,f,die,no,agrees
lex-n-b2-24-82a32b67,B2,b2-24,Bescheid,Bescheid,m,den,no,agrees
lex-n-b2-24-8a7de254,B2,b2-24,Bestätigung,Bestätigung,f,die;eine,no,agrees
lex-n-b2-24-28eb970d,B2,b2-24,Datum,Datum,n,das,no,agrees
lex-n-b2-24-5ef9edc2,B2,b2-24,Doppelpunkt,Doppelpunkt,m,dem;den;der;ein,no,agrees
lex-n-b2-24-ed37224e,B2,b2-24,Formular,Formular,n,das,no,agrees
lex-n-b2-24-22caa17a,B2,b2-24,Frist,Frist,f,die,no,agrees
lex-n-b2-24-2d89f742,B2,b2-24,Gebühr,Gebühr,f,die,no,agrees
lex-n-b2-24-4348ebaf,B2,b2-24,Kommission,Kommission,f,der;die,no,agrees
lex-n-b2-24-6094b60a,B2,b2-24,Nachforderung,,,die,no,lemma-not-in-wiktionary
lex-n-b2-24-a4c1cbc0,B2,b2-24,Pause,Pause,f,die,no,agrees
lex-n-b2-24-1039a431,B2,b2-24,Schreiben,Schreiben,n,dem,no,agrees
lex-n-b2-24-bef2f26b,B2,b2-24,Unterlagen,Unterlage,f,die,yes,agrees
lex-n-b2-24-9be6c179,B2,b2-24,Unterschrift,Unterschrift,f,die,no,agrees
lex-n-b2-24-385151f6,B2,b2-24,Vermerk,Vermerk,m,den;ein,no,agrees
lex-n-b2-24-04c42c8f,B2,b2-24,Vertreter,Vertreter,m,der,no,agrees
lex-n-b2-24-3080e951,B2,b2-24,Zurückstellung,,,die,no,lemma-not-in-wiktionary
