"decisionId","lessonId","detectedInfinitive","detectedPreposition","authoredReason","authoredExplanationAr","reviewStatus","policyVersion","detectorEvidence","reviewEvidenceName","reviewDecision","reviewerName","reviewerQualification","reviewDate","reviewerNote"
"a1-21-umsteigen-in-frame-exclusion","a1-21","umsteigen","in","locative-adjunct","في in Hannover يحدد حرف الجر مكان تبديل القطار؛ ليس حرفًا يحكمه الفعل umsteigen في كل استعمال.","authored-review-pending","lexical-frame-exclusions-v1","[target/vocabulary] phrases[10].de: Sie müssen in Hannover umsteigen. || [context/discover] discovery.examples[0]: Ich muss in Hannover umsteigen. || [context/entry] entry.dialogue[3].de: Um 10:40 Uhr. Sie müssen in Hannover umsteigen. || [context/controlled] exercises[1].template: Ich ___ in Hannover umsteigen. || [context/controlled] exercises[3].acceptedAnswers[0]: Ich muss in Hannover umsteigen","","","","","",""
"b1-15-liegen-vor-frame-exclusion","b1-15","liegen","vor","separable-particle","vor هنا جزء منفصل من الفعل vorliegen، وليس حرف جر يكوّن إطار liegen + vor.","authored-review-pending","lexical-frame-exclusions-v1","[target/vocabulary] flashcards[7].frontDe: Dazu liegen mir keine Daten vor. || [target/vocabulary] phrases[14].de: Dazu liegen mir keine Daten vor. || [context/controlled] exercises[5].options[0]: Dazu liegen mir keine Daten vor; das müsste ich prüfen. || [context/vocabulary] flashcards[7].exampleDe: Dazu liegen mir keine Daten vor. || [context/test] miniTest[3].options[2]: Dazu liegen mir keine Daten vor.","","","","","",""
"b1-22-nachsteuern-bei-frame-exclusion","b1-22","nachsteuern","bei","condition-adjunct","bei Bedarf ظرف شرط بمعنى عند الحاجة؛ يمكن حذف الظرف ويبقى الفعل nachsteuern كاملًا.","authored-review-pending","lexical-frame-exclusions-v1","[target/vocabulary] flashcards[9].frontDe: bei Bedarf nachsteuern || [target/vocabulary] phrases[14].de: bei Bedarf nachsteuern","","","","","",""
"b1-23-liegen-vor-frame-exclusion","b1-23","liegen","vor","separable-particle","vor في liegen … vor هو بادئة الفعل المنفصل vorliegen، لا حرف جر مستقل.","authored-review-pending","lexical-frame-exclusions-v1","[target/vocabulary] phrases[15].de: Darüber liegen keine Angaben vor. || [context/speaking] speaking.usefulPhrases[3]: Darüber liegen noch keine Daten vor.","","","","","",""
"b2-01-reichen-aus-frame-exclusion","b2-01","reichen","aus","separable-particle","aus جزء الفعل المنفصل ausreichen في Die Daten reichen nicht aus؛ لا يمثل إطار reichen + aus.","authored-review-pending","lexical-frame-exclusions-v1","[target/vocabulary] phrases[14].de: Die Daten reichen nicht aus, um …","","","","","",""
"b2-01-reichen-um-frame-exclusion","b2-01","reichen","um","purpose-clause","um يفتتح جملة الغاية um … zu ولا تحكمه صيغة ausreichen السابقة.","authored-review-pending","lexical-frame-exclusions-v1","[target/vocabulary] phrases[14].de: Die Daten reichen nicht aus, um …","","","","","",""
"b2-18-ziehen-in-frame-exclusion","b2-18","ziehen","in","locative-adjunct","في «in Betracht ziehen» ليس in حرف جر يحكمه الفعل: التركيب يجري بأفعال خفيفة أخرى: «in Betracht ziehen» و«das kommt nicht in Betracht» — فلو كان in محكومًا بالفعل لتبدّل مع تبدّله؛ وهو هنا ظرف ثابت مع اسم بلا مقال، ولا حالة تُلاحَظ لأن المقال غائب.","authored-review-pending","lexical-frame-exclusions-v1","[target/vocabulary] phrases[3].de: in Betracht ziehen || [context/listening] listening.questions[1].options[1]: „Wir stellen einen Antrag auf Verlängerung.“ und „Wir ziehen zwei Termine in Betracht.“ || [context/listening] listening.transcriptDe: Ben liest seine neue Fassung vor, und Frau Kessler unterbricht ihn erst am Ende: „Wir stellen einen Antrag auf Verlängerung und ziehen zwei Termine in Betracht.“ Sie fragt, was die Fügung hier leiste. Ben sagt, der Antr… || [context/test] miniTest[1].options[2]: Wir ziehen zwei Termine in Betracht. || [context/rule] theory[1].examples[1].de: Wir ziehen derzeit zwei Termine in Betracht, haben aber noch nicht entschieden.","","","","","",""
"b2-18-kommen-in-frame-exclusion","b2-18","kommen","in","locative-adjunct","في «in Frage kommen» العبارة ظرفية ثابتة مثل «in Betracht»: الفعل يتبدّل («etwas in Frage stellen» و«in Frage kommen») والجارّة تبقى كما هي، فلا إطار «kommen + in» يُلزَم بحالة.","authored-review-pending","lexical-frame-exclusions-v1","[target/vocabulary] phrases[10].de: in Frage kommen || [context/rule] theory[2].examples[2].de: Für eine mündliche Verhandlung kommen nur zwei Termine in Frage.","","","","","",""
"b2-24-bitten-zu-frame-exclusion","b2-24","bitten","zu","infinitive-zu-marker","zu في «den Bescheid zu überprüfen» علامة المصدر لا حرف جر يحكمه الفعل bitten؛ الجملة «Wir bitten darum, …» تقدّم مفعول الطلب بالحرف «darum»، لا إطارًا بحرف جر بعد bitten.","authored-review-pending","lexical-frame-exclusions-v1","[target/vocabulary] phrases[1].de: Wir bitten darum, den Bescheid zu überprüfen. || [context/discover] discovery.examples[0]: Wir bitten darum, den Bescheid zu prüfen. (Pflicht: Hinweiswort „darum“) || [context/discover] discovery.examples[1]: Wir bitten, den Bescheid zu prüfen. (empfohlen: erweiterte Infinitivgruppe) || [context/entry] entry.dialogue[0].de: Ich wollte schreiben: Wir bitten darum, die Frist zu verlängern. || [context/controlled] exercises[0].options[0]: Wir bitten den Bescheid zu prüfen höflich.","","","","","",""
"b2-24-einreichen-zu-frame-exclusion","b2-24","einreichen","zu","infinitive-zu-marker","zu في «Ohne die Frist zu versäumen» علامة مصدر تتبع «ohne»، لا حرف جر يحكمه الفعل einreichen؛ لا يأخذ einreichen هنا أي حرف جر.","authored-review-pending","lexical-frame-exclusions-v1","[target/vocabulary] phrases[3].de: Ohne die Frist zu versäumen, konnten wir einreichen.","","","","","",""
"b2-24-konnten-zu-frame-exclusion","b2-24","konnten","zu","infinitive-zu-marker","zu في الجملة نفسها علامة المصدر في «ohne … zu versäumen»، وkonnten فعل مساعد للإمكان لا يحكم حرف جر؛ الإطار كاذب لا يُلزم بحالة.","authored-review-pending","lexical-frame-exclusions-v1","[target/vocabulary] phrases[3].de: Ohne die Frist zu versäumen, konnten wir einreichen.","","","","","",""
