"candidateId","candidateType","level","lessonId","candidate","automatedInventoryStatus","automatedRole","machineObservedCaseSignalsNotValidation","targetReferences","contextReferences","reviewDecision","reviewerName","reviewerQualification","reviewDate","reviewerNote"
"lex-n-b2-21-451f798a","noun","B2","b2-21","Audioaufnahme","pending-human","authored-target","","[target/vocabulary] flashcards[11].frontDe: die Audioaufnahme","[context/reading] reading.questions[0].options[1]: Weil die Audioaufnahme noch geprüft werden sollte. || [context/reading] reading.textDe: In der Sitzung des Prüfungsausschusses ging es um eine beanstandete Korrektur. Ein Kandidat hatte schriftlich erklärt, er sei während der Hörphase durch ein Türgeräusch abgelenkt worden, und beantragte die Wiederholung … || [context/writing] writing.modelDe: Am Dienstag hat der Prüfungsausschuss über die Rückmeldung eines Kandidaten beraten. Der Kandidat hatte erklärt, er sei während der Hörphase durch ein Geräusch hinter der Tür abgelenkt worden; er beantrage deshalb die W…","","","","",""
"lex-n-b2-21-80a88f01","noun","B2","b2-21","Beschluss","pending-human","authored-target","","[target/vocabulary] phrases[3].de: Laut Protokoll sei der Beschluss vertagt worden.","[context/discover] discovery.examples[2]: „Der Beschluss wurde vertagt.“ → Es hieß, der Beschluss sei vertagt worden.","","","","",""
"lex-n-b2-21-0d90863e","noun","B2","b2-21","Datum","pending-human","authored-target","","[target/vocabulary] phrases[13].de: Die Zeugin sagte aus, sie könne sich an das Datum nicht erinnern.","","","","","",""
"lex-n-b2-21-a338dcae","noun","B2","b2-21","Dokument","pending-human","authored-target","","[target/vocabulary] phrases[8].de: Nach eigener Aussage habe er das Dokument erst am Abend erhalten.","","","","","",""
"lex-n-b2-21-af8eb990","noun","B2","b2-21","Entwurf","pending-human","authored-target","","[target/vocabulary] phrases[9].de: Die Verwaltung dementierte, dass ein Entwurf vorliege.","","","","","",""
"lex-n-b2-21-a50c40f2","noun","B2","b2-21","Firma","pending-human","authored-target","","[target/vocabulary] phrases[11].de: Nach Angaben der Firma sei die Prüfung verschoben worden.","","","","","",""
"lex-n-b2-21-f0101dc4","noun","B2","b2-21","Formulierung","pending-human","authored-target","","[target/vocabulary] flashcards[5].frontDe: die Formulierung","","","","","",""
"lex-n-b2-21-ae02258d","noun","B2","b2-21","Frist","pending-human","authored-target","","[target/vocabulary] phrases[4].de: Man wies darauf hin, dass die Frist abgelaufen sei.","[context/discover] discovery.examples[0]: „Die Frist ist abgelaufen.“ → Sie sagte, die Frist sei abgelaufen. || [context/entry] entry.dialogue[1].de: Wir haben die Frist verpasst, weil die Zusage fehlte. || [context/entry] entry.dialogue[2].de: Ich wollte neutral berichten: Die Gruppe habe die Frist verpasst, weil eine Zusage gefehlt habe.","","","","",""
"lex-n-b2-21-9ee5d8b4","noun","B2","b2-21","Korrektur","pending-human","authored-target","","[target/vocabulary] flashcards[1].frontDe: die beanstandete Korrektur","[context/reading] reading.textDe: In der Sitzung des Prüfungsausschusses ging es um eine beanstandete Korrektur. Ein Kandidat hatte schriftlich erklärt, er sei während der Hörphase durch ein Türgeräusch abgelenkt worden, und beantragte die Wiederholung …","","","","",""
"lex-n-b2-21-0070fe04","noun","B2","b2-21","Lage","pending-human","authored-target","","[target/vocabulary] phrases[0].de: Die Sprecherin erklärte, die Lage sei angespannt.","[context/controlled] exercises[1].template: Die Sprecherin sagte, die Lage ___ angespannt.","","","","",""
"lex-n-b2-21-0b8faa5f","noun","B2","b2-21","Maßnahme","pending-human","authored-target","","[target/vocabulary] phrases[6].de: Der Bericht legt nahe, die Maßnahme wirke kaum.","","","","","",""
"lex-n-b2-21-aee92de8","noun","B2","b2-21","Mittel","pending-human","authored-target","","[target/vocabulary] phrases[14].de: In der Vorlage heißt es, die Mittel reichen bis März.","","","","","",""
"lex-n-b2-21-ba42a369","noun","B2","b2-21","Prüfung","pending-human","authored-target","","[target/vocabulary] phrases[11].de: Nach Angaben der Firma sei die Prüfung verschoben worden. || [target/vocabulary] phrases[16].de: Vorbehaltlich der Prüfung bleibe der Text vorläufig.","[context/listening] listening.questions[1].promptDe: Wovon hängt die Prüfung der Aufnahme ab? || [context/listening] listening.transcriptDe: Zwei Mitarbeitende des Prüfungsbüros besprechen eine Rückmeldung, die per E-Mail eingegangen ist. Frau Kessler sagt, ein Kandidat habe beanstandet, er sei während des Hörverstehens durch ein Geräusch hinter der Tür abge… || [context/reading] reading.textDe: In der Sitzung des Prüfungsausschusses ging es um eine beanstandete Korrektur. Ein Kandidat hatte schriftlich erklärt, er sei während der Hörphase durch ein Türgeräusch abgelenkt worden, und beantragte die Wiederholung …","","","","",""
"lex-n-b2-21-4ec1300b","noun","B2","b2-21","Quelle","pending-human","authored-target","","[target/vocabulary] phrases[17].de: Wer wörtlich zitiert, setzt Anführungszeichen; wer paraphrasiert, nennt die Quelle.","[context/listening] listening.transcriptDe: Zwei Mitarbeitende des Prüfungsbüros besprechen eine Rückmeldung, die per E-Mail eingegangen ist. Frau Kessler sagt, ein Kandidat habe beanstandet, er sei während des Hörverstehens durch ein Geräusch hinter der Tür abge… || [context/reading] reading.textDe: In der Sitzung des Prüfungsausschusses ging es um eine beanstandete Korrektur. Ein Kandidat hatte schriftlich erklärt, er sei während der Hörphase durch ein Türgeräusch abgelenkt worden, und beantragte die Wiederholung …","","","","",""
"lex-n-b2-21-d8eece64","noun","B2","b2-21","Text","pending-human","authored-target","","[target/vocabulary] phrases[16].de: Vorbehaltlich der Prüfung bleibe der Text vorläufig.","[context/controlled] exercises[7].options[1]: Die Gruppe fand den Text mal wieder halbvoll, oder so. || [context/controlled] exercises[7].options[2]: Wie immer jammerte die Gruppe über den Text.","","","","",""
"lex-n-b2-21-014d9cf1","noun","B2","b2-21","Vorlage","pending-human","authored-target","","[target/vocabulary] phrases[14].de: In der Vorlage heißt es, die Mittel reichen bis März.","[context/listening] listening.transcriptDe: Zwei Mitarbeitende des Prüfungsbüros besprechen eine Rückmeldung, die per E-Mail eingegangen ist. Frau Kessler sagt, ein Kandidat habe beanstandet, er sei während des Hörverstehens durch ein Geräusch hinter der Tür abge…","","","","",""
"lex-n-b2-21-5db5e099","noun","B2","b2-21","Zahlen","pending-human","authored-target","","[target/vocabulary] phrases[1].de: Er behauptete, er kenne die Zahlen nicht.","","","","","",""
"lex-n-b2-22-01fe6fed","noun","B2","b2-22","Antrag","pending-human","authored-target","","[target/vocabulary] phrases[0].de: der gestempelte Antrag","[context/discover] discovery.examples[0]: der gestempelte Antrag → der Antrag, der gestempelt wurde.","","","","",""
"lex-n-b2-22-f550c86d","noun","B2","b2-22","Attribut","pending-human","authored-target","","[target/vocabulary] flashcards[1].frontDe: das engere Attribut","[context/listening] listening.transcriptDe: Die Referentin liest den ersten Satz des Bescheids vor und lässt ihn wirken. Herr Brand sagt, er brauche drei Anläufe, obwohl jedes Wort ihm bekannt sei. Sie stimmt zu. Der Satz enthalte vier Attribute, die alle an dems… || [context/writing] writing.modelDe: Das Prüfungsamt hält die Entscheidung vom 4. März (Az. 12/24) aufrecht. Die Kandidatin war am 26. Februar wegen der verlängerten Nachfrist schriftlich informiert worden; dieser Hinweis steht im Vermerk der Aufsicht. Die…","","","","",""
"lex-n-b2-22-9c301c2e","noun","B2","b2-22","Begründung","pending-human","authored-target","","[target/vocabulary] phrases[7].de: die nicht nachvollziehbare Begründung","[context/controlled] exercises[7].options[1]: Der Bescheid, der fehlerhaft war, fehlte die Begründung. || [context/controlled] exercises[7].options[2]: Der Bescheid war fehlerhaft; die Begründung fehlte ganz. || [context/writing] writing.modelDe: Das Prüfungsamt hält die Entscheidung vom 4. März (Az. 12/24) aufrecht. Die Kandidatin war am 26. Februar wegen der verlängerten Nachfrist schriftlich informiert worden; dieser Hinweis steht im Vermerk der Aufsicht. Die…","","","","",""
"lex-n-b2-22-241d586c","noun","B2","b2-22","Behörde","pending-human","authored-target","","[target/vocabulary] phrases[2].de: der von der Behörde geprüfte Bescheid","[context/discover] discovery.examples[4]: der von der Behörde geprüfte Bescheid → der Bescheid, den die Behörde geprüft hat. || [context/controlled] exercises[3].acceptedAnswers[0]: Der von der Behörde innerhalb von zwei Wochen geprüfte Antrag wurde angenommen. || [context/controlled] exercises[3].words[1]: von der Behörde","","","","",""
"lex-n-b2-22-0e913452","noun","B2","b2-22","Berücksichtigung","pending-human","authored-target","","[target/vocabulary] phrases[6].de: ein unter Berücksichtigung der Lage getroffener Beschluss","","","","","",""
"lex-n-b2-22-ecea19c1","noun","B2","b2-22","Fall","pending-human","authored-target","","[target/vocabulary] phrases[4].de: der zu prüfende Fall","[context/discover] discovery.examples[3]: der zu prüfende Fall → der Fall, der geprüft werden muss. || [context/controlled] exercises[6].pairs[2].left: der zu prüfende Fall","","","","",""
"lex-n-b2-22-b6aa3172","noun","B2","b2-22","Freitag","pending-human","authored-target","","[target/vocabulary] phrases[14].de: die bis Freitag zu liefernde Stellungnahme","","","","","",""
"lex-n-b2-22-c1d330ac","noun","B2","b2-22","Frist","pending-human","authored-target","","[target/vocabulary] phrases[10].de: ein die Frist wahrender Einspruch || [target/vocabulary] phrases[5].de: die derzeit geltende Frist","[context/test] miniTest[0].options[0]: die gegoltene Frist || [context/test] miniTest[0].options[1]: die gelten Frist || [context/test] miniTest[0].options[2]: die zu geltende Frist","","","","",""
"lex-n-b2-22-ccaa086b","noun","B2","b2-22","Hinweis","pending-human","authored-target","","[target/vocabulary] phrases[8].de: der Hinweis zur Beschlusslage","[context/writing] writing.modelDe: Das Prüfungsamt hält die Entscheidung vom 4. März (Az. 12/24) aufrecht. Die Kandidatin war am 26. Februar wegen der verlängerten Nachfrist schriftlich informiert worden; dieser Hinweis steht im Vermerk der Aufsicht. Die…","","","","",""
"lex-n-b2-22-0745839f","noun","B2","b2-22","Lage","pending-human","authored-target","","[target/vocabulary] phrases[6].de: ein unter Berücksichtigung der Lage getroffener Beschluss","","","","","",""
"lex-n-b2-22-32c52d12","noun","B2","b2-22","Montag","pending-human","authored-target","","[target/vocabulary] phrases[3].de: die am Montag eingegangene Beschwerde","[context/discover] discovery.examples[2]: die am Montag eingegangene Beschwerde → die Beschwerde, die am Montag eingegangen ist. || [context/controlled] exercises[1].template: die am Montag ___ Beschwerde wurde angenommen. || [context/rule] theory[3].examples[1].de: der am Montag, nicht am Freitag, eingegangene Antrag","","","","",""
"lex-n-b2-22-e5088bd6","noun","B2","b2-22","Nachbesserung","pending-human","authored-target","","[target/vocabulary] phrases[16].de: die mehrfach angemahnte Nachbesserung","[context/rule] theory[2].examples[1].de: die mehrfach angemahnte Nachbesserung","","","","",""
"lex-n-b2-22-24afbd68","noun","B2","b2-22","Protokoll","pending-human","authored-target","","[target/vocabulary] phrases[12].de: die im Protokoll genannte Person","","","","","",""
"lex-n-b2-22-281f435c","noun","B2","b2-22","Prüfung","pending-human","authored-target","","[target/vocabulary] phrases[11].de: das für die Prüfung vorgesehene Verfahren","","","","","",""
"lex-n-b2-22-9cb15937","noun","B2","b2-22","Relativsatz","pending-human","authored-target","","[target/vocabulary] phrases[17].de: statt vieler Attribute: ein Relativsatz mit klarem Subjekt.","","","","","",""
"lex-n-b2-22-94ff724a","noun","B2","b2-22","Rückmeldung","pending-human","authored-target","","[target/vocabulary] phrases[1].de: die fehlende Rückmeldung","[context/discover] discovery.examples[1]: die fehlende Rückmeldung → die Rückmeldung, die fehlt. || [context/controlled] exercises[6].pairs[0].left: die fehlende Rückmeldung || [context/test] miniTest[2].options[2]: die fehlende Rückmeldung","","","","",""
"lex-n-b2-22-65af7197","noun","B2","b2-22","Sachverhalt","pending-human","authored-target","","[target/vocabulary] phrases[15].de: ein den Sachverhalt klärendes Gespräch","","","","","",""
"lex-n-b2-22-10412086","noun","B2","b2-22","Seiten","pending-human","authored-target","","[target/vocabulary] phrases[9].de: die von allen Seiten geteilte Einschätzung","","","","","",""
"lex-n-b2-22-6d78bdc4","noun","B2","b2-22","Vermerk","pending-human","authored-target","","[target/vocabulary] flashcards[5].frontDe: der Vermerk","","","","","",""
"lex-n-b2-22-40224550","noun","B2","b2-22","Verstoß","pending-human","authored-target","","[target/vocabulary] phrases[13].de: ein offensichtlicher Verstoß","","","","","",""
"lex-n-b2-23-8bf63695","noun","B2","b2-23","Ablehnung","pending-human","authored-target","","[target/vocabulary] phrases[15].de: ein Einspruch gegen die Ablehnung","","","","","",""
"lex-n-b2-23-b14ddf94","noun","B2","b2-23","Antrag","pending-human","authored-target","","[target/vocabulary] phrases[1].de: der Antrag auf Erlass der Nachforderung","[context/discover] discovery.examples[1]: die Genehmigung des Antrags auf Fristverlängerung → Man genehmigt den Antrag, weil die Frist verlängert werden soll. || [context/discover] discovery.examples[3]: die Bearbeitungsdauer des Antrags im Sekretariat → Das Sekretariat bearbeitet den Antrag; die Dauer beträgt … || [context/listening] listening.transcriptDe: Ein Anrufer meldet sich, weil er eine Mahnung erhalten hat. Er liest den Betreff vor: „Nachforderung Prüfungsgebühren Konto 04/22“. Die Sachbearbeiterin hört sofort zwei Fragen heraus. Erstens: Aus welchem Semester stam…","","","","",""
"lex-n-b2-23-049778a5","noun","B2","b2-23","Antrags","pending-human","authored-target","","[target/vocabulary] phrases[14].de: die Bearbeitungsdauer des Antrags","[context/discover] discovery.examples[1]: die Genehmigung des Antrags auf Fristverlängerung → Man genehmigt den Antrag, weil die Frist verlängert werden soll. || [context/discover] discovery.examples[3]: die Bearbeitungsdauer des Antrags im Sekretariat → Das Sekretariat bearbeitet den Antrag; die Dauer beträgt … || [context/listening] listening.transcriptDe: Ein Anrufer meldet sich, weil er eine Mahnung erhalten hat. Er liest den Betreff vor: „Nachforderung Prüfungsgebühren Konto 04/22“. Die Sachbearbeiterin hört sofort zwei Fragen heraus. Erstens: Aus welchem Semester stam…","","","","",""
"lex-n-b2-23-5e3702d4","noun","B2","b2-23","Arbeitsgruppe","pending-human","authored-target","","[target/vocabulary] phrases[11].de: die Auswertung der Daten durch die Arbeitsgruppe","","","","","",""
"lex-n-b2-23-7ff91a71","noun","B2","b2-23","Attests","pending-human","authored-target","","[target/vocabulary] phrases[16].de: die Vorlage eines ärztlichen Attests","","","","","",""
"lex-n-b2-23-20459862","noun","B2","b2-23","Auswertung","pending-human","authored-target","","[target/vocabulary] phrases[11].de: die Auswertung der Daten durch die Arbeitsgruppe","","","","","",""
"lex-n-b2-23-d8bc3eef","noun","B2","b2-23","Bearbeitungsdauer","pending-human","authored-target","","[target/vocabulary] phrases[14].de: die Bearbeitungsdauer des Antrags","[context/discover] discovery.examples[3]: die Bearbeitungsdauer des Antrags im Sekretariat → Das Sekretariat bearbeitet den Antrag; die Dauer beträgt …","","","","",""
"lex-n-b2-23-21b7b975","noun","B2","b2-23","Bescheids","pending-human","authored-target","","[target/vocabulary] phrases[7].de: die Zustellung des Bescheids per Einschreiben","[context/listening] listening.transcriptDe: Ein Anrufer meldet sich, weil er eine Mahnung erhalten hat. Er liest den Betreff vor: „Nachforderung Prüfungsgebühren Konto 04/22“. Die Sachbearbeiterin hört sofort zwei Fragen heraus. Erstens: Aus welchem Semester stam… || [context/pronunciation] pronunciation.items[3].de: des Bescheids","","","","",""
"lex-n-b2-23-41929dc9","noun","B2","b2-23","Daten","pending-human","authored-target","","[target/vocabulary] phrases[11].de: die Auswertung der Daten durch die Arbeitsgruppe","","","","","",""
"lex-n-b2-23-903fe721","noun","B2","b2-23","Einrichtung","pending-human","authored-target","","[target/vocabulary] phrases[4].de: das Versäumnis seitens der Einrichtung","[context/entry] entry.dialogue[2].de: Aber „seitens der Einrichtung“ gehört zu welchem Glied? || [context/controlled] exercises[3].acceptedAnswers[0]: Antrag auf Erlass der Nachforderung wegen Fristversäumnis seitens der Einrichtung. || [context/controlled] exercises[3].words[5]: seitens der Einrichtung.","","","","",""
"lex-n-b2-23-a84c0992","noun","B2","b2-23","Einspruch","pending-human","authored-target","","[target/vocabulary] phrases[15].de: ein Einspruch gegen die Ablehnung","[context/writing] writing.modelDe: Betreff: Nachforderung von Prüfungsgebühren, Bescheid vom 12. April, Az. 04/22. Sehr geehrte Damen und Herren, ich bitte darum, die Nachforderung zu erlassen, weil der Antrag auf Befreiung fristgerecht eingegangen ist. …","","","","",""
"lex-n-b2-23-428bbbb7","noun","B2","b2-23","Einverständnis","pending-human","authored-target","","[target/vocabulary] phrases[3].de: das Einverständnis der Eltern","","","","","",""
"lex-n-b2-23-a0fe65ff","noun","B2","b2-23","Eltern","pending-human","authored-target","","[target/vocabulary] phrases[3].de: das Einverständnis der Eltern","","","","","",""
"lex-n-b2-23-3116f769","noun","B2","b2-23","Fristversäumnis","pending-human","authored-target","","[target/vocabulary] flashcards[4].frontDe: die Fristversäumnis || [target/vocabulary] phrases[6].de: der Hinweis auf die Fristversäumnis","[context/errors] mistakes[3].correct: trotz der Fristversäumnis seitens der Einrichtung || [context/errors] mistakes[3].wrong: trotz der Fristversäumnis von der Einrichtung || [context/pronunciation] pronunciation.items[2].de: die Fristversäumnis","","","","",""
"lex-n-b2-23-85eac1d1","noun","B2","b2-23","Gebühr","pending-human","authored-target","","[target/vocabulary] flashcards[8].frontDe: der Erlass der Gebühr","[context/vocabulary] flashcards[8].exampleDe: Der Erlass der Gebühr steht im Bescheid. || [context/listening] listening.transcriptDe: Ein Anrufer meldet sich, weil er eine Mahnung erhalten hat. Er liest den Betreff vor: „Nachforderung Prüfungsgebühren Konto 04/22“. Die Sachbearbeiterin hört sofort zwei Fragen heraus. Erstens: Aus welchem Semester stam… || [context/reading] reading.questions[1].options[1]: Rückzahlung der ersten Gebühr","","","","",""
"lex-n-b2-23-43c8d837","noun","B2","b2-23","Gebührenbefreiung","pending-human","authored-target","","[target/vocabulary] phrases[8].de: die Gebührenbefreiung für Härtefälle","","","","","",""
"lex-n-b2-23-9a6995c0","noun","B2","b2-23","Hinweis","pending-human","authored-target","","[target/vocabulary] phrases[6].de: der Hinweis auf die Fristversäumnis","","","","","",""
"lex-n-b2-23-97886831","noun","B2","b2-23","Hochschule","pending-human","authored-target","","[target/vocabulary] phrases[0].de: die Gebührenordnung der Hochschule","[context/discover] discovery.examples[0]: die Erhebung der Gebühren durch die Hochschule → Die Hochschule erhebt die Gebühren.","","","","",""
"lex-n-b2-23-26d277a0","noun","B2","b2-23","Kandidaten","pending-human","authored-target","","[target/vocabulary] phrases[2].de: die Prüfung des Kandidaten","[context/controlled] exercises[5].acceptedAnswers[0]: Die Prüfung des Kandidaten durch die Kommission war lang. || [context/controlled] exercises[5].acceptedAnswers[1]: Die Kommission prüfte den Kandidaten; das dauerte lange. || [context/controlled] exercises[5].sentence: Die Prüfung des Kandidaten war lang.","","","","",""
"lex-n-b2-23-84211e29","noun","B2","b2-23","Nachfrist","pending-human","authored-target","","[target/vocabulary] phrases[5].de: die Verlängerung der Nachfrist um zwei Wochen","","","","","",""
"lex-n-b2-23-97de7ad8","noun","B2","b2-23","Niederschlagung","pending-human","authored-target","","[target/vocabulary] flashcards[2].frontDe: die Niederschlagung","","","","","",""
"lex-n-b2-23-48f72433","noun","B2","b2-23","Prüfung","pending-human","authored-target","","[target/vocabulary] phrases[2].de: die Prüfung des Kandidaten","[context/errors] mistakes[1].wrong: die Prüfung des Kandidaten war streng (wer war streng?) || [context/reading] reading.questions[1].options[3]: Wiederholung der Prüfung || [context/rule] theory[1].examples[2].de: *die Prüfung gebühr Ordnung","","","","",""
"lex-n-b2-23-dc9e387d","noun","B2","b2-23","Rückmeldung","pending-human","authored-target","","[target/vocabulary] phrases[9].de: die Rückmeldung des Studierendensekretariats","","","","","",""
"lex-n-b2-23-f0cc5641","noun","B2","b2-23","Satzung","pending-human","authored-target","","[target/vocabulary] phrases[13].de: die in der Satzung genannte Frist","","","","","",""
"lex-n-b2-23-c0cc5d1c","noun","B2","b2-23","Schreiben","pending-human","authored-target","","[target/vocabulary] phrases[10].de: ein Schreiben ohne Betreffzeile","","","","","",""
"lex-n-b2-23-26a98d7d","noun","B2","b2-23","Studierendensekretariats","pending-human","authored-target","","[target/vocabulary] phrases[9].de: die Rückmeldung des Studierendensekretariats","","","","","",""
"lex-n-b2-23-9e728169","noun","B2","b2-23","Stundung","pending-human","authored-target","","[target/vocabulary] flashcards[1].frontDe: die Stundung","","","","","",""
"lex-n-b2-23-f897595c","noun","B2","b2-23","Verhältnis","pending-human","authored-target","","[target/vocabulary] phrases[12].de: das Verhältnis von Aufwand und Ertrag","","","","","",""
"lex-n-b2-23-51e9b216","noun","B2","b2-23","Verlängerung","pending-human","authored-target","","[target/vocabulary] phrases[5].de: die Verlängerung der Nachfrist um zwei Wochen","[context/reading] reading.textDe: Im Sekretariat lag ein Antrag, dessen Betreffzeile lautete: „Antrag auf Erlass der Prüfungsgebührennachforderung wegen Fristversäumnis seitens der Einrichtung“. Für die Sachbearbeiterin enthielt diese Zeile drei Entsche…","","","","",""
"lex-n-b2-23-f4d4ba7b","noun","B2","b2-23","Versäumnis","pending-human","authored-target","","[target/vocabulary] phrases[4].de: das Versäumnis seitens der Einrichtung","[context/reading] reading.textDe: Im Sekretariat lag ein Antrag, dessen Betreffzeile lautete: „Antrag auf Erlass der Prüfungsgebührennachforderung wegen Fristversäumnis seitens der Einrichtung“. Für die Sachbearbeiterin enthielt diese Zeile drei Entsche…","","","","",""
"lex-n-b2-23-9b02ad13","noun","B2","b2-23","Vorlage","pending-human","authored-target","","[target/vocabulary] phrases[16].de: die Vorlage eines ärztlichen Attests","","","","","",""
"lex-n-b2-23-2aeb1bf1","noun","B2","b2-23","Wort","pending-human","authored-target","","[target/vocabulary] phrases[17].de: ein Wort, drei Glieder: Grundwort, Bestimmungswort, Fuge.","","","","","",""
"lex-n-b2-23-29730a0a","noun","B2","b2-23","Zustellung","pending-human","authored-target","","[target/vocabulary] phrases[7].de: die Zustellung des Bescheids per Einschreiben","","","","","",""
"lex-n-b2-24-38b41a6e","noun","B2","b2-24","Anlage","pending-human","authored-target","","[target/vocabulary] phrases[13].de: Zu prüfen sind: die Unterschrift, das Datum, die Anlage.","[context/writing] writing.modelDe: Sehr geehrte Damen und Herren, wir bitten darum, den Antrag zurückzustellen, und bitten nicht darum, die Frist zu verlängern. Der Bescheid, den Sie am 12. April erlassen haben, nennt nämlich nur die Nachforderung; über …","","","","",""
"lex-n-b2-24-1f4613cf","noun","B2","b2-24","Antrag","pending-human","authored-target","","[target/vocabulary] phrases[11].de: Deshalb haben wir den Antrag ergänzt. || [target/vocabulary] phrases[8].de: Die Frist endete am Montag; ein Antrag ging nicht ein.","[context/controlled] exercises[3].acceptedAnswers[1]: Am Montag wurde der Antrag abgelehnt, weil die Anlagen fehlten. || [context/controlled] exercises[3].acceptedAnswers[2]: Weil die Anlagen fehlten, wurde der Antrag am Montag abgelehnt. || [context/mediation] mediation.sourceDe: „Wir bitten den Antrag nicht, zu verlängern, sondern zurückzustellen.“","","","","",""
"lex-n-b2-24-240220ea","noun","B2","b2-24","Behörde","pending-human","authored-target","","[target/vocabulary] phrases[5].de: Der Bescheid, den die Behörde erlassen hatte, wurde aufgehoben.","[context/discover] discovery.examples[3]: Der Bescheid, den die Behörde erlassen hatte, wurde aufgehoben. (rechte Klammer!) || [context/controlled] exercises[4].acceptedAnswers[0]: Der Bescheid, den die Behörde erlassen hatte, wurde aufgehoben. || [context/controlled] exercises[4].words[1]: den die Behörde erlassen hatte,","","","","",""
"lex-n-b2-24-82a32b67","noun","B2","b2-24","Bescheid","pending-human","authored-target","","[target/vocabulary] phrases[1].de: Wir bitten darum, den Bescheid zu überprüfen. || [target/vocabulary] phrases[4].de: Statt den Bescheid zu akzeptieren, legte er Einspruch ein.","[context/discover] discovery.examples[0]: Wir bitten darum, den Bescheid zu prüfen. (Pflicht: Hinweiswort „darum“) || [context/discover] discovery.examples[1]: Wir bitten, den Bescheid zu prüfen. (empfohlen: erweiterte Infinitivgruppe) || [context/controlled] exercises[0].options[0]: Wir bitten den Bescheid zu prüfen höflich.","","","","",""
"lex-n-b2-24-8a7de254","noun","B2","b2-24","Bestätigung","pending-human","authored-target","","[target/vocabulary] phrases[10].de: Wir brauchen eine Bestätigung, und zwar bis Freitag.","[context/controlled] exercises[7].template: Senden Sie uns die Bestätigung, ___ die Frist abläuft.","","","","",""
"lex-n-b2-24-28eb970d","noun","B2","b2-24","Datum","pending-human","authored-target","","[target/vocabulary] phrases[13].de: Zu prüfen sind: die Unterschrift, das Datum, die Anlage.","","","","","",""
"lex-n-b2-24-5ef9edc2","noun","B2","b2-24","Doppelpunkt","pending-human","authored-target","","[target/vocabulary] flashcards[6].frontDe: der Doppelpunkt","[context/vocabulary] flashcards[4].exampleDe: Die Aufzählung beginnt nach dem Doppelpunkt. || [context/vocabulary] flashcards[6].exampleDe: Nach dem Verb steht ein Doppelpunkt. || [context/listening] listening.questions[1].options[2]: Es ersetzt den Doppelpunkt.","","","","",""
"lex-n-b2-24-ed37224e","noun","B2","b2-24","Formular","pending-human","authored-target","","[target/vocabulary] phrases[14].de: Bitte füllen Sie das Formular aus und senden Sie es zurück.","","","","","",""
"lex-n-b2-24-22caa17a","noun","B2","b2-24","Frist","pending-human","authored-target","","[target/vocabulary] phrases[0].de: Bitte senden Sie uns die Unterlagen, bevor die Frist endet. || [target/vocabulary] phrases[3].de: Ohne die Frist zu versäumen, konnten wir einreichen.","[context/entry] entry.dialogue[0].de: Ich wollte schreiben: Wir bitten darum, die Frist zu verlängern. || [context/controlled] exercises[2].acceptedAnswers[0]: Es ist unklar, dass die Frist am Montag endete, deshalb prüfen wir nach. || [context/controlled] exercises[2].acceptedAnswers[1]: Es ist unklar, ob die Frist am Montag endete; deshalb prüfen wir nach.","","","","",""
"lex-n-b2-24-2d89f742","noun","B2","b2-24","Gebühr","pending-human","authored-target","","[target/vocabulary] phrases[16].de: Klären Sie, ob die Gebühr entfällt, und teilen Sie das mit.","","","","","",""
"lex-n-b2-24-4348ebaf","noun","B2","b2-24","Kommission","pending-human","authored-target","","[target/vocabulary] phrases[6].de: Herr Weber, der Vertreter der Kommission, stimmte zu.","[context/rule] theory[2].examples[2].de: Wir haben den Antrag gestellt, den die Kommission erwartet hatte, und die Anlagen beigefügt.","","","","",""
"lex-n-b2-24-6094b60a","noun","B2","b2-24","Nachforderung","pending-human","authored-target","","[target/vocabulary] flashcards[7].frontDe: die Nachforderung || [target/vocabulary] phrases[2].de: Er versucht, die Nachforderung zu vermeiden.","[context/controlled] exercises[1].template: Wir bitten ___, die Nachforderung zu erlassen. || [context/listening] listening.transcriptDe: Die Referentin diktiert ihrer Kollegin eine Korrektur des Briefs. Sie spricht langsam und nennt jedes Satzzeichen: Komma, Beistrich, Punkt und Semikolon. Frau Brandt schreibt mit und fragt nach, ob vor „und“ ein Komma g… || [context/pronunciation] pronunciation.items[2].de: …, die Nachforderung zu erlassen.","","","","",""
"lex-n-b2-24-a4c1cbc0","noun","B2","b2-24","Pause","pending-human","authored-target","","[target/vocabulary] phrases[7].de: Die Prüfung war lang, die Pause kurz.","","","","","",""
"lex-n-b2-24-1039a431","noun","B2","b2-24","Schreiben","pending-human","authored-target","","[target/vocabulary] phrases[17].de: Prüfe nach dem Schreiben: Kommas, Verben, Klammern.","","","","","",""
"lex-n-b2-24-bef2f26b","noun","B2","b2-24","Unterlagen","pending-human","authored-target","","[target/vocabulary] phrases[0].de: Bitte senden Sie uns die Unterlagen, bevor die Frist endet.","","","","","",""
"lex-n-b2-24-9be6c179","noun","B2","b2-24","Unterschrift","pending-human","authored-target","","[target/vocabulary] phrases[13].de: Zu prüfen sind: die Unterschrift, das Datum, die Anlage.","","","","","",""
"lex-n-b2-24-385151f6","noun","B2","b2-24","Vermerk","pending-human","authored-target","","[target/vocabulary] phrases[15].de: Wir bitten Sie, uns den Vermerk zuzusenden.","[context/reading] reading.questions[0].options[2]: Aus dem Bescheid wurde ein Vermerk.","","","","",""
"lex-n-b2-24-04c42c8f","noun","B2","b2-24","Vertreter","pending-human","authored-target","","[target/vocabulary] phrases[6].de: Herr Weber, der Vertreter der Kommission, stimmte zu.","[context/vocabulary] flashcards[5].exampleDe: Die Apposition „der Vertreter“ bleibt in Klammern.","","","","",""
"lex-n-b2-24-3080e951","noun","B2","b2-24","Zurückstellung","pending-human","authored-target","","[target/vocabulary] flashcards[8].frontDe: die Zurückstellung","","","","","",""
"lex-v-b2-21-f2fa1775","verb-preposition-frame","B2","b2-21","sich erinnern + an","pending-human","authored-target","accusative","[target/vocabulary] phrases[13].de: Die Zeugin sagte aus, sie könne sich an das Datum nicht erinnern.","","","","","",""
"lex-v-b2-24-6e1439bd","verb-preposition-frame","B2","b2-24","bitten + zu","pending-human","authored-target","accusative; ambiguous; unknown","[target/vocabulary] phrases[1].de: Wir bitten darum, den Bescheid zu überprüfen.","[context/discover] discovery.examples[0]: Wir bitten darum, den Bescheid zu prüfen. (Pflicht: Hinweiswort „darum“) || [context/discover] discovery.examples[1]: Wir bitten, den Bescheid zu prüfen. (empfohlen: erweiterte Infinitivgruppe) || [context/entry] entry.dialogue[0].de: Ich wollte schreiben: Wir bitten darum, die Frist zu verlängern.","","","","",""
"lex-v-b2-24-5f033ff3","verb-preposition-frame","B2","b2-24","einreichen + zu","pending-human","authored-target","unknown","[target/vocabulary] phrases[3].de: Ohne die Frist zu versäumen, konnten wir einreichen.","","","","","",""
"lex-v-b2-24-97864110","verb-preposition-frame","B2","b2-24","konnten + zu","pending-human","authored-target","unknown","[target/vocabulary] phrases[3].de: Ohne die Frist zu versäumen, konnten wir einreichen.","","","","","",""
