"anchorId","level","lessonId","infinitive","preposition","authoredGovernedCase","chunkDe","exampleDe","sourceVersion","machineObservedCaseSignalsNotValidation","targetOrRegistryReferences","contextReferences","reviewDecision","reviewerName","reviewerQualification","reviewDate","reviewerNote"
"a1-01-verb-frame-1","A1","a1-01","fragen","nach","dative","nach dem Namen fragen","Ich frage nach dem Namen.","a1-lexical-grammar-v1","dative","[registry/vocabulary] lexicalRegistry.a1-01-verb-frame-1: nach dem Namen fragen","","","","","",""
"a1-02-verb-frame-1","A1","a1-02","kommen","aus","dative","aus einem Land kommen","Ich komme aus einem Land in Nordafrika.","a1-lexical-grammar-v1","dative; unknown","[registry/vocabulary] lexicalRegistry.a1-02-verb-frame-1: aus einem Land kommen","[context/controlled] exercises[3].sentence: Du kommen aus Spanien. || [context/errors] mistakes[2].wrong: Du kommen aus …","","","","",""
"a1-03-verb-frame-1","A1","a1-03","bitten","um","accusative","um Wiederholung bitten","Ich bitte um Wiederholung.","a1-lexical-grammar-v1","accusative","[registry/vocabulary] lexicalRegistry.a1-03-verb-frame-1: um Wiederholung bitten","","","","","",""
"a1-04-verb-frame-1","A1","a1-04","sprechen","über","accusative","über die Familie sprechen","Wir sprechen über die Familie.","a1-lexical-grammar-v1","accusative","[registry/vocabulary] lexicalRegistry.a1-04-verb-frame-1: über die Familie sprechen","","","","","",""
"a1-05-verb-frame-1","A1","a1-05","fragen","nach","dative","nach dem Alter fragen","Sie fragt nach dem Alter.","a1-lexical-grammar-v1","dative","[registry/vocabulary] lexicalRegistry.a1-05-verb-frame-1: nach dem Alter fragen","","","","","",""
"a1-06-verb-frame-1","A1","a1-06","arbeiten","bei","dative","bei einer Firma arbeiten","Er arbeitet bei einer Firma.","a1-lexical-grammar-v1","dative","[registry/vocabulary] lexicalRegistry.a1-06-verb-frame-1: bei einer Firma arbeiten","","","","","",""
"a1-07-verb-frame-1","A1","a1-07","beginnen","um","accusative","um neun Uhr beginnen","Der Kurs beginnt um neun Uhr.","a1-lexical-grammar-v1","accusative","[registry/vocabulary] lexicalRegistry.a1-07-verb-frame-1: um neun Uhr beginnen","","","","","",""
"a1-08-verb-frame-1","A1","a1-08","beginnen","mit","dative","mit dem Tagesablauf beginnen","Ich beginne mit dem Tagesablauf.","a1-lexical-grammar-v1","dative","[registry/vocabulary] lexicalRegistry.a1-08-verb-frame-1: mit dem Tagesablauf beginnen","","","","","",""
"a1-09-verb-frame-1","A1","a1-09","sich verabreden","mit","dative","sich mit Freunden verabreden","Ich verabrede mich mit Freunden.","a1-lexical-grammar-v1","dative","[registry/vocabulary] lexicalRegistry.a1-09-verb-frame-1: sich mit Freunden verabreden","","","","","",""
"a1-10-verb-frame-1","A1","a1-10","bezahlen","für","accusative","für Lebensmittel bezahlen","Ich bezahle für die Lebensmittel.","a1-lexical-grammar-v1","accusative","[registry/vocabulary] lexicalRegistry.a1-10-verb-frame-1: für Lebensmittel bezahlen","","","","","",""
"a1-11-verb-frame-1","A1","a1-11","fragen","nach","dative","nach dem Preis fragen","Ich frage nach dem Preis.","a1-lexical-grammar-v1","dative","[registry/vocabulary] lexicalRegistry.a1-11-verb-frame-1: nach dem Preis fragen","","","","","",""
"a1-11-verb-frame-2","A1","a1-11","bezahlen","mit","dative","mit der Karte bezahlen","An der Kasse bezahle ich mit der Karte.","a1-lexical-grammar-v1","dative; unknown","[target/vocabulary] flashcards[9].frontDe: mit Karte bezahlen || [target/vocabulary] phrases[15].de: mit Karte bezahlen || [registry/vocabulary] lexicalRegistry.a1-11-verb-frame-2: mit der Karte bezahlen","[context/vocabulary] flashcards[9].exampleDe: Kann ich mit Karte bezahlen?","","","","",""
"a1-12-verb-frame-1","A1","a1-12","bezahlen","mit","dative","mit der Karte bezahlen","Ich bezahle mit der Karte.","a1-lexical-grammar-v1","dative","[registry/vocabulary] lexicalRegistry.a1-12-verb-frame-1: mit der Karte bezahlen","","","","","",""
"a1-13-verb-frame-1","A1","a1-13","wohnen","in","dative","in einer Wohnung wohnen","Wir wohnen in einer Wohnung.","a1-lexical-grammar-v1","dative","[registry/vocabulary] lexicalRegistry.a1-13-verb-frame-1: in einer Wohnung wohnen","","","","","",""
"a1-14-verb-frame-1","A1","a1-14","stehen","auf","dative","auf dem Tisch stehen","Die Lampe steht auf dem Tisch.","a1-lexical-grammar-v1","dative","[registry/vocabulary] lexicalRegistry.a1-14-verb-frame-1: auf dem Tisch stehen","","","","","",""
"a1-15-verb-frame-1","A1","a1-15","sich interessieren","für","accusative","sich für eine Wohnung interessieren","Ich interessiere mich für eine Wohnung.","a1-lexical-grammar-v1","accusative","[registry/vocabulary] lexicalRegistry.a1-15-verb-frame-1: sich für eine Wohnung interessieren","","","","","",""
"a1-16-verb-frame-1","A1","a1-16","sprechen","über","accusative","über Hobbys sprechen","Wir sprechen über unsere Hobbys.","a1-lexical-grammar-v1","accusative","[registry/vocabulary] lexicalRegistry.a1-16-verb-frame-1: über Hobbys sprechen","","","","","",""
"a1-17-verb-frame-1","A1","a1-17","sich treffen","mit","dative","sich mit Freunden treffen","Ich treffe mich mit Freunden.","a1-lexical-grammar-v1","dative","[registry/vocabulary] lexicalRegistry.a1-17-verb-frame-1: sich mit Freunden treffen","","","","","",""
"a1-18-verb-frame-1","A1","a1-18","hoffen","auf","accusative","auf gutes Wetter hoffen","Wir hoffen auf gutes Wetter.","a1-lexical-grammar-v1","accusative","[registry/vocabulary] lexicalRegistry.a1-18-verb-frame-1: auf gutes Wetter hoffen","","","","","",""
"a1-19-verb-frame-1","A1","a1-19","fahren","mit","dative","mit dem Bus fahren","Ich fahre mit dem Bus.","a1-lexical-grammar-v1","dative; unknown","[registry/vocabulary] lexicalRegistry.a1-19-verb-frame-1: mit dem Bus fahren","[context/rule] theory[1].formula: fahren mit + Dativ | nehmen + Akkusativ","","","","",""
"a1-20-verb-frame-1","A1","a1-20","fragen","nach","dative","nach dem Weg fragen","Ich frage nach dem Weg.","a1-lexical-grammar-v1","dative","[registry/vocabulary] lexicalRegistry.a1-20-verb-frame-1: nach dem Weg fragen","","","","","",""
"a1-21-verb-frame-1","A1","a1-21","warten","auf","accusative","auf den Zug warten","Wir warten auf den Zug.","a1-lexical-grammar-v1","accusative","[registry/vocabulary] lexicalRegistry.a1-21-verb-frame-1: auf den Zug warten","","","","","",""
"a1-22-verb-frame-1","A1","a1-22","leiden","an","dative","an Rückenschmerzen leiden","Er leidet an Rückenschmerzen.","a1-lexical-grammar-v1","dative","[registry/vocabulary] lexicalRegistry.a1-22-verb-frame-1: an Rückenschmerzen leiden","","","","","",""
"a1-23-verb-frame-1","A1","a1-23","sprechen","mit","dative","mit dem Arzt sprechen","Ich spreche mit dem Arzt.","a1-lexical-grammar-v1","dative","[registry/vocabulary] lexicalRegistry.a1-23-verb-frame-1: mit dem Arzt sprechen","","","","","",""
"a1-24-verb-frame-1","A1","a1-24","helfen","bei","dative","bei einem Formular helfen","Sie hilft bei einem Formular.","a1-lexical-grammar-v1","dative","[registry/vocabulary] lexicalRegistry.a1-24-verb-frame-1: bei einem Formular helfen","","","","","",""
"a2-01-verb-frame-1","A2","a2-01","erzählen","von","dative","von einer Erfahrung erzählen","Ich erzähle von einer Erfahrung.","a2-lexical-grammar-v1","dative","[registry/vocabulary] lexicalRegistry.a2-01-verb-frame-1: von einer Erfahrung erzählen","","","","","",""
"a2-02-verb-frame-1","A2","a2-02","anfangen","mit","dative","mit der Geschichte anfangen","Wir fangen mit der Geschichte an.","a2-lexical-grammar-v1","dative","[registry/vocabulary] lexicalRegistry.a2-02-verb-frame-1: mit der Geschichte anfangen","","","","","",""
"a2-03-verb-frame-1","A2","a2-03","sich erinnern","an","accusative","sich an einen Moment erinnern","Ich erinnere mich an einen besonderen Moment.","a2-lexical-grammar-v1","accusative; unknown","[target/vocabulary] flashcards[9].frontDe: sich erinnern an || [registry/vocabulary] lexicalRegistry.a2-03-verb-frame-1: sich an einen Moment erinnern","","","","","",""
"a2-04-verb-frame-1","A2","a2-04","helfen","bei","dative","bei einem Umzug helfen","Wir helfen bei einem Umzug.","a2-lexical-grammar-v1","dative","[registry/vocabulary] lexicalRegistry.a2-04-verb-frame-1: bei einem Umzug helfen","","","","","",""
"a2-04-verb-frame-2","A2","a2-04","klingeln","an","dative","an der Tür klingeln","Die neue Nachbarin klingelt an der Tür.","a2-lexical-grammar-v1","ambiguous; dative","[target/vocabulary] phrases[14].de: an der Tür klingeln || [registry/vocabulary] lexicalRegistry.a2-04-verb-frame-2: an der Tür klingeln","","","","","",""
"a2-05-verb-frame-1","A2","a2-05","sich halten","an","accusative","sich an die Hausordnung halten","Alle halten sich an die Hausordnung.","a2-lexical-grammar-v1","accusative","[registry/vocabulary] lexicalRegistry.a2-05-verb-frame-1: sich an die Hausordnung halten","","","","","",""
"a2-05-verb-frame-2","A2","a2-05","Rücksicht nehmen","auf","accusative","auf andere Rücksicht nehmen","Wir nehmen auf andere Hausbewohner Rücksicht.","a2-lexical-grammar-v1","accusative; unknown","[target/vocabulary] phrases[17].de: Rücksicht auf andere nehmen || [registry/vocabulary] lexicalRegistry.a2-05-verb-frame-2: auf andere Rücksicht nehmen","","","","","",""
"a2-06-verb-frame-1","A2","a2-06","sich einigen","auf","accusative","sich auf eine Lösung einigen","Die Nachbarn einigen sich auf eine Lösung.","a2-lexical-grammar-v1","accusative","[registry/vocabulary] lexicalRegistry.a2-06-verb-frame-1: sich auf eine Lösung einigen","","","","","",""
"a2-06-verb-frame-2","A2","a2-06","sich halten","an","accusative","sich an eine Regel halten","Beide Nachbarn halten sich an die vereinbarte Regel.","a2-lexical-grammar-v1","accusative; ambiguous","[target/vocabulary] flashcards[9].frontDe: sich an eine Regel halten || [target/vocabulary] phrases[16].de: sich an eine Regel halten || [registry/vocabulary] lexicalRegistry.a2-06-verb-frame-2: sich an eine Regel halten","[context/vocabulary] flashcards[9].exampleDe: Alle sollen sich an den Plan halten.","","","","",""
"a2-07-verb-frame-1","A2","a2-07","teilnehmen","an","dative","an einer Besprechung teilnehmen","Ich nehme an einer Besprechung teil.","a2-lexical-grammar-v1","dative","[registry/vocabulary] lexicalRegistry.a2-07-verb-frame-1: an einer Besprechung teilnehmen","","","","","",""
"a2-07-verb-frame-2","A2","a2-07","sich kümmern","um","accusative","sich um eine Aufgabe kümmern","Ich kümmere mich um diese Aufgabe.","a2-lexical-grammar-v1","accusative; unknown","[target/vocabulary] flashcards[3].frontDe: sich um etwas kümmern || [target/vocabulary] phrases[6].de: sich um etwas kümmern || [registry/vocabulary] lexicalRegistry.a2-07-verb-frame-2: sich um eine Aufgabe kümmern","[context/controlled] exercises[6].template: Wir kümmern ___ um die Daten. || [context/rule] theory[1].examples[3].de: Wir kümmern uns um die Bestellung. || [context/rule] theory[1].formula: sich kümmern + um + Akk.","","","","",""
"a2-08-verb-frame-1","A2","a2-08","sich bewerben","um","accusative","sich um eine Stelle bewerben","Sie bewirbt sich um eine Stelle.","a2-lexical-grammar-v1","accusative","[registry/vocabulary] lexicalRegistry.a2-08-verb-frame-1: sich um eine Stelle bewerben","","","","","",""
"a2-09-verb-frame-1","A2","a2-09","sprechen","mit","dative","mit einer Kundin sprechen","Ich spreche mit einer Kundin.","a2-lexical-grammar-v1","dative; unknown","[target/vocabulary] phrases[2].de: Ich möchte mit Frau Keller sprechen. || [registry/vocabulary] lexicalRegistry.a2-09-verb-frame-1: mit einer Kundin sprechen","[context/reading] reading.textDe: Am Montagmorgen ruft ein Kunde bei einer Lieferfirma an. Er möchte mit Frau Keller sprechen, weil seine Bestellung noch nicht angekommen ist. Frau Keller ist in einer Besprechung. Der Mitarbeiter am Empfang fragt, ob de…","","","","",""
"a2-10-verb-frame-1","A2","a2-10","sich entscheiden","für","accusative","sich für eine Verbindung entscheiden","Wir entscheiden uns für eine direkte Verbindung.","a2-lexical-grammar-v1","accusative","[registry/vocabulary] lexicalRegistry.a2-10-verb-frame-1: sich für eine Verbindung entscheiden","","","","","",""
"a2-11-verb-frame-1","A2","a2-11","fragen","nach","dative","nach einem Zimmer fragen","Ich frage nach einem ruhigen Zimmer.","a2-lexical-grammar-v1","dative","[registry/vocabulary] lexicalRegistry.a2-11-verb-frame-1: nach einem Zimmer fragen","","","","","",""
"a2-12-verb-frame-1","A2","a2-12","sich beschweren","über","accusative","sich über einen Mangel beschweren","Der Gast beschwert sich über einen Mangel.","a2-lexical-grammar-v1","accusative","[registry/vocabulary] lexicalRegistry.a2-12-verb-frame-1: sich über einen Mangel beschweren","","","","","",""
"a2-13-verb-frame-1","A2","a2-13","achten","auf","accusative","auf gesunde Ernährung achten","Ich achte auf gesunde Ernährung.","a2-lexical-grammar-v1","accusative","[registry/vocabulary] lexicalRegistry.a2-13-verb-frame-1: auf gesunde Ernährung achten","","","","","",""
"a2-14-verb-frame-1","A2","a2-14","informieren","über","accusative","über die Krankmeldung informieren","Ich informiere den Arbeitgeber über die Krankmeldung.","a2-lexical-grammar-v1","accusative","[registry/vocabulary] lexicalRegistry.a2-14-verb-frame-1: über die Krankmeldung informieren","","","","","",""
"a2-15-verb-frame-1","A2","a2-15","fragen","nach","dative","nach der Dosierung fragen","Ich frage nach der richtigen Dosierung.","a2-lexical-grammar-v1","dative","[registry/vocabulary] lexicalRegistry.a2-15-verb-frame-1: nach der Dosierung fragen","","","","","",""
"a2-15-verb-frame-2","A2","a2-15","einnehmen","mit","dative","ein Medikament mit Wasser einnehmen","Nehmen Sie das Medikament mit einem Glas Wasser ein.","a2-lexical-grammar-v1","dative; unknown","[target/vocabulary] flashcards[5].frontDe: mit Wasser einnehmen || [target/vocabulary] phrases[10].de: mit Wasser einnehmen || [registry/vocabulary] lexicalRegistry.a2-15-verb-frame-2: ein Medikament mit Wasser einnehmen","[context/rule] theory[0].examples[3].de: mit Wasser einnehmen","","","","",""
"a2-16-verb-frame-1","A2","a2-16","berichten","über","accusative","über eine Meldung berichten","Die Zeitung berichtet über eine Meldung.","a2-lexical-grammar-v1","accusative","[registry/vocabulary] lexicalRegistry.a2-16-verb-frame-1: über eine Meldung berichten","","","","","",""
"a2-17-verb-frame-1","A2","a2-17","sich schützen","vor","dative","sich vor Datenverlust schützen","Man schützt sich mit einem Passwort vor Datenverlust.","a2-lexical-grammar-v1","dative","[registry/vocabulary] lexicalRegistry.a2-17-verb-frame-1: sich vor Datenverlust schützen","","","","","",""
"a2-18-verb-frame-1","A2","a2-18","sprechen","über","accusative","über Vor- und Nachteile sprechen","Wir sprechen über Vor- und Nachteile.","a2-lexical-grammar-v1","accusative","[registry/vocabulary] lexicalRegistry.a2-18-verb-frame-1: über Vor- und Nachteile sprechen","","","","","",""
"a2-19-verb-frame-1","A2","a2-19","arbeiten","an","dative","an einem Lernziel arbeiten","Ich arbeite an einem Lernziel.","a2-lexical-grammar-v1","dative","[registry/vocabulary] lexicalRegistry.a2-19-verb-frame-1: an einem Lernziel arbeiten","","","","","",""
"a2-19-verb-frame-2","A2","a2-19","lernen","mit","dative","mit Abstand lernen","Ich lerne mit zeitlichem Abstand statt alles an einem Tag.","a2-lexical-grammar-v1","dative; unknown","[target/vocabulary] flashcards[5].frontDe: mit Abstand lernen || [target/vocabulary] phrases[8].de: mit Abstand lernen || [registry/vocabulary] lexicalRegistry.a2-19-verb-frame-2: mit Abstand lernen","","","","","",""
"a2-20-verb-frame-1","A2","a2-20","sich anmelden","für","accusative","sich für eine Prüfung anmelden","Sie meldet sich für eine Prüfung an.","a2-lexical-grammar-v1","accusative","[registry/vocabulary] lexicalRegistry.a2-20-verb-frame-1: sich für eine Prüfung anmelden","","","","","",""
"a2-21-verb-frame-1","A2","a2-21","sich vorbereiten","auf","accusative","sich auf ein Ziel vorbereiten","Wir bereiten uns auf ein Ziel vor.","a2-lexical-grammar-v1","accusative","[registry/vocabulary] lexicalRegistry.a2-21-verb-frame-1: sich auf ein Ziel vorbereiten","","","","","",""
"a2-22-verb-frame-1","A2","a2-22","einladen","zu","dative","zu einem Fest einladen","Wir laden Freunde zu einem Fest ein.","a2-lexical-grammar-v1","dative","[registry/vocabulary] lexicalRegistry.a2-22-verb-frame-1: zu einem Fest einladen","","","","","",""
"a2-23-verb-frame-1","A2","a2-23","sich engagieren","für","accusative","sich für einen Verein engagieren","Sie engagiert sich für einen Verein.","a2-lexical-grammar-v1","accusative","[registry/vocabulary] lexicalRegistry.a2-23-verb-frame-1: sich für einen Verein engagieren","","","","","",""
"a2-24-verb-frame-1","A2","a2-24","sich entscheiden","für","accusative","sich für eine Alternative entscheiden","Die Mehrheit entscheidet sich für eine Alternative.","a2-lexical-grammar-v1","accusative","[registry/vocabulary] lexicalRegistry.a2-24-verb-frame-1: sich für eine Alternative entscheiden","","","","","",""
"b1-01-verb-frame-1","B1","b1-01","berichten","über","accusative","über einen Lebensweg berichten","Sie berichtet über ihren Lebensweg.","b1-lexical-grammar-v1","accusative","[registry/vocabulary] lexicalRegistry.b1-01-verb-frame-1: über einen Lebensweg berichten","","","","","",""
"b1-02-verb-frame-1","B1","b1-02","sich entscheiden","für","accusative","sich für eine Möglichkeit entscheiden","Er entscheidet sich für eine Möglichkeit.","b1-lexical-grammar-v1","accusative; unknown","[target/vocabulary] flashcards[0].frontDe: sich für etwas entscheiden || [target/vocabulary] phrases[1].de: sich für etwas entscheiden || [registry/vocabulary] lexicalRegistry.b1-02-verb-frame-1: sich für eine Möglichkeit entscheiden","[context/rule] theory[0].formula: sich für/gegen + Akk. entscheiden","","","","",""
"b1-02-verb-frame-2","B1","b1-02","sich entscheiden","gegen","accusative","sich gegen eine Möglichkeit entscheiden","Sie entscheidet sich gegen die riskante Möglichkeit.","b1-lexical-grammar-v1","accusative; unknown","[target/vocabulary] flashcards[1].frontDe: sich gegen etwas entscheiden || [target/vocabulary] phrases[2].de: sich gegen etwas entscheiden || [registry/vocabulary] lexicalRegistry.b1-02-verb-frame-2: sich gegen eine Möglichkeit entscheiden","[context/rule] theory[0].formula: sich für/gegen + Akk. entscheiden","","","","",""
"b1-03-verb-frame-1","B1","b1-03","führen","zu","dative","zu einer Veränderung führen","Die Erfahrung führt zu einer Veränderung.","b1-lexical-grammar-v1","dative","[registry/vocabulary] lexicalRegistry.b1-03-verb-frame-1: zu einer Veränderung führen","","","","","",""
"b1-03-verb-frame-2","B1","b1-03","lernen","aus","dative","aus einer Erfahrung lernen","Ich habe aus dieser Erfahrung gelernt.","b1-lexical-grammar-v1","dative","[target/vocabulary] phrases[13].de: aus einer Erfahrung lernen || [registry/vocabulary] lexicalRegistry.b1-03-verb-frame-2: aus einer Erfahrung lernen","","","","","",""
"b1-04-verb-frame-1","B1","b1-04","sich kümmern","um","accusative","sich um eine Aufgabe kümmern","Ich kümmere mich um diese Aufgabe.","b1-lexical-grammar-v1","accusative","[registry/vocabulary] lexicalRegistry.b1-04-verb-frame-1: sich um eine Aufgabe kümmern","","","","","",""
"b1-05-verb-frame-1","B1","b1-05","sich einigen","auf","accusative","sich auf einen Kompromiss einigen","Beide Seiten einigen sich auf einen Kompromiss.","b1-lexical-grammar-v1","accusative","[registry/vocabulary] lexicalRegistry.b1-05-verb-frame-1: sich auf einen Kompromiss einigen","","","","","",""
"b1-06-verb-frame-1","B1","b1-06","sich vorbereiten","auf","accusative","sich auf ein Bewerbungsgespräch vorbereiten","Sie bereitet sich auf das Bewerbungsgespräch vor.","b1-lexical-grammar-v1","accusative","[registry/vocabulary] lexicalRegistry.b1-06-verb-frame-1: sich auf ein Bewerbungsgespräch vorbereiten","","","","","",""
"b1-06-verb-frame-2","B1","b1-06","lernen","aus","dative","aus einem Fehler lernen","Im Gespräch habe ich aus einem Fehler gelernt.","b1-lexical-grammar-v1","dative","[target/vocabulary] phrases[10].de: aus einem Fehler lernen || [registry/vocabulary] lexicalRegistry.b1-06-verb-frame-2: aus einem Fehler lernen","","","","","",""
"b1-07-verb-frame-1","B1","b1-07","abhängen","von","dative","von der Infrastruktur abhängen","Die Entscheidung hängt von der Infrastruktur ab.","b1-lexical-grammar-v1","ambiguous; dative","[target/vocabulary] flashcards[7].frontDe: von der Lebensphase abhängen || [target/vocabulary] phrases[14].de: von der Lebensphase abhängen || [registry/vocabulary] lexicalRegistry.b1-07-verb-frame-1: von der Infrastruktur abhängen","","","","","",""
"b1-08-verb-frame-1","B1","b1-08","sich beschweren","über","accusative","sich über einen Mangel beschweren","Die Mieterin beschwert sich über einen Mangel.","b1-lexical-grammar-v1","accusative","[registry/vocabulary] lexicalRegistry.b1-08-verb-frame-1: sich über einen Mangel beschweren","","","","","",""
"b1-08-verb-frame-2","B1","b1-08","bitten","um","accusative","um eine Reparatur bitten","Die Mieterin bittet den Vermieter um eine Reparatur.","b1-lexical-grammar-v1","accusative; unknown","[target/vocabulary] phrases[10].de: um Reparatur bitten || [registry/vocabulary] lexicalRegistry.b1-08-verb-frame-2: um eine Reparatur bitten","","","","","",""
"b1-09-verb-frame-1","B1","b1-09","teilnehmen","an","dative","an einer Bürgerbeteiligung teilnehmen","Viele Bürger nehmen an der Beteiligung teil.","b1-lexical-grammar-v1","dative","[registry/vocabulary] lexicalRegistry.b1-09-verb-frame-1: an einer Bürgerbeteiligung teilnehmen","","","","","",""
"b1-10-verb-frame-1","B1","b1-10","verzichten","auf","accusative","auf unnötige Verpackung verzichten","Wir verzichten auf unnötige Verpackung.","b1-lexical-grammar-v1","accusative","[registry/vocabulary] lexicalRegistry.b1-10-verb-frame-1: auf unnötige Verpackung verzichten","","","","","",""
"b1-11-verb-frame-1","B1","b1-11","sich entscheiden","für","accusative","sich für eine Verbindung entscheiden","Ich entscheide mich für die schnellere Verbindung.","b1-lexical-grammar-v1","accusative","[registry/vocabulary] lexicalRegistry.b1-11-verb-frame-1: sich für eine Verbindung entscheiden","","","","","",""
"b1-11-verb-frame-2","B1","b1-11","trennen","nach","dative","Daten nach Gruppen trennen","Für den Vergleich trennen wir die Daten nach Altersgruppen.","b1-lexical-grammar-v1","dative; unknown","[target/vocabulary] flashcards[8].frontDe: Daten nach Gruppen trennen || [registry/vocabulary] lexicalRegistry.b1-11-verb-frame-2: Daten nach Gruppen trennen","[context/vocabulary] flashcards[8].exampleDe: Wir trennen die Ergebnisse nach Arbeitszeit.","","","","",""
"b1-12-verb-frame-1","B1","b1-12","sich einsetzen","für","accusative","sich für eine Initiative einsetzen","Die Mitglieder setzen sich für die Initiative ein.","b1-lexical-grammar-v1","accusative","[registry/vocabulary] lexicalRegistry.b1-12-verb-frame-1: sich für eine Initiative einsetzen","","","","","",""
"b1-13-verb-frame-1","B1","b1-13","arbeiten","an","dative","an einer Strategie arbeiten","Ich arbeite an einer neuen Lernstrategie.","b1-lexical-grammar-v1","dative","[registry/vocabulary] lexicalRegistry.b1-13-verb-frame-1: an einer Strategie arbeiten","","","","","",""
"b1-14-verb-frame-1","B1","b1-14","sich informieren","über","accusative","sich über eine Weiterbildung informieren","Sie informiert sich über eine Weiterbildung.","b1-lexical-grammar-v1","accusative","[registry/vocabulary] lexicalRegistry.b1-14-verb-frame-1: sich über eine Weiterbildung informieren","","","","","",""
"b1-15-verb-frame-1","B1","b1-15","eingehen","auf","accusative","auf eine Frage eingehen","Der Vortrag geht auf eine wichtige Frage ein.","b1-lexical-grammar-v1","accusative","[target/vocabulary] phrases[16].de: auf eine Frage eingehen || [registry/vocabulary] lexicalRegistry.b1-15-verb-frame-1: auf eine Frage eingehen","","","","","",""
"b1-15-verb-frame-2","B1","b1-15","sprechen","mit","dative","mit Stichpunkten sprechen","Im Vortrag spreche ich frei mit wenigen Stichpunkten.","b1-lexical-grammar-v1","dative; unknown","[target/vocabulary] flashcards[9].frontDe: mit Stichpunkten sprechen || [target/vocabulary] phrases[17].de: mit Stichpunkten sprechen || [registry/vocabulary] lexicalRegistry.b1-15-verb-frame-2: mit Stichpunkten sprechen","","","","","",""
"b1-16-verb-frame-1","B1","b1-16","sich beschäftigen","mit","dative","sich mit Mediennutzung beschäftigen","Der Bericht beschäftigt sich mit Mediennutzung.","b1-lexical-grammar-v1","dative","[registry/vocabulary] lexicalRegistry.b1-16-verb-frame-1: sich mit Mediennutzung beschäftigen","","","","","",""
"b1-17-verb-frame-1","B1","b1-17","handeln","von","dative","von einer Familie handeln","Der Roman handelt von einer Familie.","b1-lexical-grammar-v1","dative","[registry/vocabulary] lexicalRegistry.b1-17-verb-frame-1: von einer Familie handeln","","","","","",""
"b1-18-verb-frame-1","B1","b1-18","sich beziehen","auf","accusative","sich auf einen Beleg beziehen","Die Behauptung bezieht sich auf einen Beleg.","b1-lexical-grammar-v1","accusative","[registry/vocabulary] lexicalRegistry.b1-18-verb-frame-1: sich auf einen Beleg beziehen","","","","","",""
"b1-19-verb-frame-1","B1","b1-19","reagieren","auf","accusative","auf ein Missverständnis reagieren","Sie reagiert ruhig auf das Missverständnis.","b1-lexical-grammar-v1","accusative","[registry/vocabulary] lexicalRegistry.b1-19-verb-frame-1: auf ein Missverständnis reagieren","","","","","",""
"b1-20-verb-frame-1","B1","b1-20","raten","zu","dative","zu einer Möglichkeit raten","Ich rate zu einer einfachen Lösung.","b1-lexical-grammar-v1","dative","[registry/vocabulary] lexicalRegistry.b1-20-verb-frame-1: zu einer Möglichkeit raten","","","","","",""
"b1-20-verb-frame-2","B1","b1-20","bitten","um","accusative","um Rat bitten","Ein Freund bittet mich um Rat.","b1-lexical-grammar-v1","accusative; unknown","[target/vocabulary] flashcards[0].frontDe: um Rat bitten || [target/vocabulary] phrases[0].de: um Rat bitten || [registry/vocabulary] lexicalRegistry.b1-20-verb-frame-2: um Rat bitten","[context/vocabulary] flashcards[0].exampleDe: Kann ich dich um Rat bitten?","","","","",""
"b1-21-verb-frame-1","B1","b1-21","verhandeln","über","accusative","über einen Vorschlag verhandeln","Die Gruppe verhandelt über einen Vorschlag.","b1-lexical-grammar-v1","accusative","[registry/vocabulary] lexicalRegistry.b1-21-verb-frame-1: über einen Vorschlag verhandeln","","","","","",""
"b1-22-verb-frame-1","B1","b1-22","sich konzentrieren","auf","accusative","sich auf ein Ziel konzentrieren","Wir konzentrieren uns auf ein realistisches Ziel.","b1-lexical-grammar-v1","accusative","[registry/vocabulary] lexicalRegistry.b1-22-verb-frame-1: sich auf ein Ziel konzentrieren","","","","","",""
"b1-23-verb-frame-1","B1","b1-23","warnen","vor","dative","vor einem Risiko warnen","Der Bericht warnt vor einem Datenschutzrisiko.","b1-lexical-grammar-v1","dative","[registry/vocabulary] lexicalRegistry.b1-23-verb-frame-1: vor einem Risiko warnen","","","","","",""
"b1-24-verb-frame-1","B1","b1-24","bestehen","aus","dative","aus drei Teilen bestehen","Das Projekt besteht aus drei Teilen.","b1-lexical-grammar-v1","dative","[registry/vocabulary] lexicalRegistry.b1-24-verb-frame-1: aus drei Teilen bestehen","","","","","",""
"b2-01-verb-frame-1","B2","b2-01","sich stützen","auf","accusative","sich auf einen Beleg stützen","Der Standpunkt stützt sich auf einen überprüfbaren Beleg.","b2-lexical-grammar-v1","accusative","[registry/vocabulary] lexicalRegistry.b2-01-verb-frame-1: sich auf einen Beleg stützen","","","","","",""
"b2-02-verb-frame-1","B2","b2-02","eingehen","auf","accusative","auf einen Einwand eingehen","Die Rednerin geht auf einen Einwand ein.","b2-lexical-grammar-v1","accusative","[registry/vocabulary] lexicalRegistry.b2-02-verb-frame-1: auf einen Einwand eingehen","","","","","",""
"b2-03-verb-frame-1","B2","b2-03","profitieren","von","dative","von einem Arbeitsmodell profitieren","Nicht alle Beschäftigten profitieren von demselben Arbeitsmodell.","b2-lexical-grammar-v1","dative","[registry/vocabulary] lexicalRegistry.b2-03-verb-frame-1: von einem Arbeitsmodell profitieren","","","","","",""
"b2-04-verb-frame-1","B2","b2-04","verhandeln","über","accusative","über eine Formulierung verhandeln","Beide Seiten verhandeln über eine präzise Formulierung.","b2-lexical-grammar-v1","accusative","[registry/vocabulary] lexicalRegistry.b2-04-verb-frame-1: über eine Formulierung verhandeln","","","","","",""
"b2-05-verb-frame-1","B2","b2-05","sich ergeben","aus","dative","sich aus einem Datensatz ergeben","Die Tendenz ergibt sich aus dem Datensatz.","b2-lexical-grammar-v1","dative","[registry/vocabulary] lexicalRegistry.b2-05-verb-frame-1: sich aus einem Datensatz ergeben","","","","","",""
"b2-05-verb-frame-2","B2","b2-05","steigen","um","accusative","um zwölf Prozent steigen","Der Anteil ist um zwölf Prozent gestiegen.","b2-lexical-grammar-v1","accusative; unknown","[target/vocabulary] phrases[1].de: um zwölf Prozent steigen || [target/vocabulary] phrases[2].de: um zwölf Prozentpunkte steigen || [registry/vocabulary] lexicalRegistry.b2-05-verb-frame-2: um zwölf Prozent steigen","","","","","",""
"b2-06-verb-frame-1","B2","b2-06","hinweisen","auf","accusative","auf eine Grenze hinweisen","Die Studie weist auf eine wichtige Grenze hin.","b2-lexical-grammar-v1","accusative","[registry/vocabulary] lexicalRegistry.b2-06-verb-frame-1: auf eine Grenze hinweisen","","","","","",""
"b2-07-verb-frame-1","B2","b2-07","sich beteiligen","an","dative","sich an einer Maßnahme beteiligen","Viele Gruppen beteiligen sich an der Maßnahme.","b2-lexical-grammar-v1","dative","[registry/vocabulary] lexicalRegistry.b2-07-verb-frame-1: sich an einer Maßnahme beteiligen","","","","","",""
"b2-07-verb-frame-2","B2","b2-07","einladen","zu","dative","zu einer Sitzung einladen","Die Initiative lädt alle Gruppen zu einer Sitzung ein.","b2-lexical-grammar-v1","dative","[target/vocabulary] phrases[6].de: zu einer Sitzung einladen || [registry/vocabulary] lexicalRegistry.b2-07-verb-frame-2: zu einer Sitzung einladen","","","","","",""
"b2-08-verb-frame-1","B2","b2-08","zweifeln","an","dative","an der Glaubwürdigkeit zweifeln","Die Leserin zweifelt an der Glaubwürdigkeit der Quelle.","b2-lexical-grammar-v1","dative","[registry/vocabulary] lexicalRegistry.b2-08-verb-frame-1: an der Glaubwürdigkeit zweifeln","","","","","",""
"b2-08-verb-frame-2","B2","b2-08","zurückgehen","auf","accusative","auf eine Pressemitteilung zurückgehen","Die Behauptung geht auf eine Pressemitteilung zurück.","b2-lexical-grammar-v1","accusative","[target/vocabulary] phrases[4].de: auf eine Pressemitteilung zurückgehen || [registry/vocabulary] lexicalRegistry.b2-08-verb-frame-2: auf eine Pressemitteilung zurückgehen","","","","","",""
"b2-09-verb-frame-1","B2","b2-09","geprägt sein","von","dative","von Erfahrungen geprägt sein","Perspektiven sind von persönlichen Erfahrungen geprägt.","b2-lexical-grammar-v1","dative","[registry/vocabulary] lexicalRegistry.b2-09-verb-frame-1: von Erfahrungen geprägt sein","","","","","",""
"b2-09-verb-frame-2","B2","b2-09","abhängen","von","dative","von der Situation abhängen","Die passende Formulierung hängt von der Situation ab.","b2-lexical-grammar-v1","ambiguous; dative","[target/vocabulary] phrases[10].de: von der Situation abhängen || [registry/vocabulary] lexicalRegistry.b2-09-verb-frame-2: von der Situation abhängen","","","","","",""
"b2-10-verb-frame-1","B2","b2-10","sich richten","an","accusative","sich an eine Zielgruppe richten","Die Vermittlung richtet sich an eine breite Zielgruppe.","b2-lexical-grammar-v1","accusative","[registry/vocabulary] lexicalRegistry.b2-10-verb-frame-1: sich an eine Zielgruppe richten","","","","","",""
"b2-11-verb-frame-1","B2","b2-11","achten","auf","accusative","auf ein Bewertungskriterium achten","Beim Überarbeiten achte ich auf jedes Bewertungskriterium.","b2-lexical-grammar-v1","accusative","[registry/vocabulary] lexicalRegistry.b2-11-verb-frame-1: auf ein Bewertungskriterium achten","","","","","",""
"b2-11-verb-frame-2","B2","b2-11","zurückkommen","auf","accusative","auf den Kern zurückkommen","Am Ende komme ich auf den Kern des Arguments zurück.","b2-lexical-grammar-v1","accusative; ambiguous","[target/vocabulary] flashcards[9].frontDe: auf den Kern zurückkommen || [target/vocabulary] phrases[12].de: auf den Kern zurückkommen || [registry/vocabulary] lexicalRegistry.b2-11-verb-frame-2: auf den Kern zurückkommen","","","","","",""
"b2-12-verb-frame-1","B2","b2-12","sich vorbereiten","auf","accusative","sich auf eine Generalprobe vorbereiten","Die Lernenden bereiten sich auf die Generalprobe vor.","b2-lexical-grammar-v1","accusative","[registry/vocabulary] lexicalRegistry.b2-12-verb-frame-1: sich auf eine Generalprobe vorbereiten","","","","","",""
"b2-12-verb-frame-2","B2","b2-12","priorisieren","nach","dative","nach Wirkung priorisieren","Nach der Generalprobe priorisieren wir die Fehler nach ihrer Wirkung.","b2-lexical-grammar-v1","dative; unknown","[target/vocabulary] flashcards[3].frontDe: nach Wirkung priorisieren || [target/vocabulary] phrases[3].de: nach Wirkung priorisieren || [registry/vocabulary] lexicalRegistry.b2-12-verb-frame-2: nach Wirkung priorisieren","","","","","",""
"b2-13-verb-frame-1","B2","b2-13","ableiten","aus","dative","einen Effekt aus Daten ableiten","Aus zwei Messungen lässt sich kein allgemeiner Effekt ableiten.","b2-lexical-grammar-v1","ambiguous; dative","[registry/vocabulary] lexicalRegistry.b2-13-verb-frame-1: einen Effekt aus Daten ableiten","[context/vocabulary] flashcards[5].exampleDe: Das lässt sich aus den Daten nicht ableiten.","","","","",""
"b2-14-verb-frame-1","B2","b2-14","sich beziehen","auf","accusative","sich auf ein Bezugswort beziehen","Jedes Fürwort muss sich auf genau ein Bezugswort beziehen.","b2-lexical-grammar-v1","accusative","[registry/vocabulary] lexicalRegistry.b2-14-verb-frame-1: sich auf ein Bezugswort beziehen","","","","","",""
"b2-14-verb-frame-2","B2","b2-14","zurückverweisen","auf","accusative","im nächsten Satz auf die Frist zurückverweisen","Der zweite Satz verweist auf die genannte Frist zurück.","b2-lexical-grammar-v1","accusative; unknown","[target/vocabulary] phrases[3].de: auf etwas zurückverweisen || [registry/vocabulary] lexicalRegistry.b2-14-verb-frame-2: im nächsten Satz auf die Frist zurückverweisen","","","","","",""
"b2-15-verb-frame-1","B2","b2-15","sich halten","an","dative","sich an den eigenen Plan halten","Unter Druck hält er sich an seinen eigenen Plan.","b2-lexical-grammar-v1","ambiguous; dative","[target/vocabulary] phrases[10].de: sich an den eigenen Plan halten || [registry/vocabulary] lexicalRegistry.b2-15-verb-frame-1: sich an den eigenen Plan halten","","","","","",""
"b2-15-verb-frame-2","B2","b2-15","verzichten","auf","accusative","auf den dritten Durchgang verzichten","Er verzichtet auf den dritten Durchgang, nicht auf die Kontrolle.","b2-lexical-grammar-v1","accusative; ambiguous","[target/vocabulary] phrases[11].de: auf den dritten Durchgang verzichten || [registry/vocabulary] lexicalRegistry.b2-15-verb-frame-2: auf den dritten Durchgang verzichten","[context/pronunciation] pronunciation.items[5].de: verZICHten auf den DRItten Durchgang","","","","",""
"b2-15-verb-frame-3","B2","b2-15","ablesen","an","dative","die Zeit an einer Teilaufgabe ablesen","Er liest die Verspätung an einer einzigen Teilaufgabe ab.","b2-lexical-grammar-v1","dative","[target/vocabulary] phrases[15].de: die Zeit an einer Teilaufgabe ablesen || [registry/vocabulary] lexicalRegistry.b2-15-verb-frame-3: die Zeit an einer Teilaufgabe ablesen","","","","","",""
"b2-15-verb-frame-4","B2","b2-15","nutzen","für","accusative","den Vorlauf für eine zweite Markierung nutzen","Den Vorlauf nutzt sie für eine zweite Markierung.","b2-lexical-grammar-v1","accusative","[target/vocabulary] phrases[8].de: den Vorlauf für eine zweite Markierung nutzen || [registry/vocabulary] lexicalRegistry.b2-15-verb-frame-4: den Vorlauf für eine zweite Markierung nutzen","","","","","",""
"b2-15-verb-frame-5","B2","b2-15","offenhalten","für","accusative","einen Puffer für die Kontrolle offenhalten","Für die Kontrolle hält er zehn Minuten offen.","b2-lexical-grammar-v1","accusative","[target/vocabulary] phrases[2].de: einen Puffer für die Kontrolle offenhalten || [registry/vocabulary] lexicalRegistry.b2-15-verb-frame-5: einen Puffer für die Kontrolle offenhalten","","","","","",""
"b2-15-verb-frame-6","B2","b2-15","schreiben","an","accusative","eine Rückmeldung an sich selbst schreiben","Am Ende schreibt er zwei Sätze an sich selbst.","b2-lexical-grammar-v1","accusative; unknown","[target/vocabulary] phrases[13].de: eine Rückmeldung an sich selbst schreiben || [registry/vocabulary] lexicalRegistry.b2-15-verb-frame-6: eine Rückmeldung an sich selbst schreiben","","","","","",""
"b2-15-verb-frame-7","B2","b2-15","stellen","auf","accusative","den Wecker auf neunzig Minuten stellen","Sie stellt den Wecker auf neunzig Minuten.","b2-lexical-grammar-v1","accusative; unknown","[target/vocabulary] phrases[16].de: den Wecker auf neunzig Minuten stellen || [registry/vocabulary] lexicalRegistry.b2-15-verb-frame-7: den Wecker auf neunzig Minuten stellen","","","","","",""
"b2-15-verb-frame-8","B2","b2-15","zerlegen","in","accusative","die Aufgabenstellung in drei Schritte zerlegen","Er zerlegt die Aufgabenstellung in drei Schritte.","b2-lexical-grammar-v1","accusative; unknown","[target/vocabulary] phrases[1].de: die Aufgabenstellung in drei Schritte zerlegen || [registry/vocabulary] lexicalRegistry.b2-15-verb-frame-8: die Aufgabenstellung in drei Schritte zerlegen","","","","","",""
"b2-16-verb-frame-1","B2","b2-16","eingehen","auf","accusative","auf einen Vorwurf eingehen","Statt sich zu rechtfertigen, ging er auf den Vorwurf ein.","b2-lexical-grammar-v1","accusative","[target/vocabulary] phrases[2].de: auf einen Vorwurf eingehen || [registry/vocabulary] lexicalRegistry.b2-16-verb-frame-1: auf einen Vorwurf eingehen","","","","","",""
"b2-16-verb-frame-2","B2","b2-16","ausgehen","von","dative","von einer Annahme ausgehen","Wir gehen von einer überflogenen Aufgabenstellung aus.","b2-lexical-grammar-v1","dative","[target/vocabulary] phrases[3].de: von einer Annahme ausgehen || [registry/vocabulary] lexicalRegistry.b2-16-verb-frame-2: von einer Annahme ausgehen","","","","","",""
"b2-16-verb-frame-3","B2","b2-16","sich distanzieren","von","dative","sich von einer Unterstellung distanzieren","Sie distanzierte sich von der Unterstellung des Teilnehmers.","b2-lexical-grammar-v1","dative","[target/vocabulary] phrases[6].de: sich von einer Unterstellung distanzieren || [registry/vocabulary] lexicalRegistry.b2-16-verb-frame-3: sich von einer Unterstellung distanzieren","","","","","",""
"b2-16-verb-frame-4","B2","b2-16","hinweisen","auf","accusative","auf einen Fehler hinweisen","Der Kommentar weist auf eine überflogene Aufgabenstellung hin.","b2-lexical-grammar-v1","accusative","[target/vocabulary] phrases[11].de: auf einen Fehler hinweisen || [registry/vocabulary] lexicalRegistry.b2-16-verb-frame-4: auf einen Fehler hinweisen","","","","","",""
"b2-17-verb-frame-1","B2","b2-17","sich berufen","auf","accusative","sich auf eine frühere Zusage berufen","In der Antwort beruft sich die Stelle auf eine mündliche Zusage vom März.","b2-lexical-grammar-v1","accusative","[target/vocabulary] phrases[7].de: sich auf eine Zusage berufen || [registry/vocabulary] lexicalRegistry.b2-17-verb-frame-1: sich auf eine frühere Zusage berufen","","","","","",""
"b2-17-verb-frame-2","B2","b2-17","übersetzen","in","accusative","eine Forderung in einen Plan übersetzen","Die Forderung lässt sich in einen Plan mit drei Terminen übersetzen.","b2-lexical-grammar-v1","accusative","[target/vocabulary] phrases[17].de: die Forderung in einen Plan übersetzen || [registry/vocabulary] lexicalRegistry.b2-17-verb-frame-2: eine Forderung in einen Plan übersetzen","","","","","",""
"b2-18-verb-frame-1","B2","b2-18","Rücksicht nehmen","auf","accusative","auf eine Verspätung Rücksicht nehmen","Auf die Verspätung müssen wir keine Rücksicht nehmen.","b2-lexical-grammar-v1","accusative; unknown","[target/vocabulary] phrases[7].de: Rücksicht nehmen auf || [registry/vocabulary] lexicalRegistry.b2-18-verb-frame-1: auf eine Verspätung Rücksicht nehmen","[context/vocabulary] flashcards[6].exampleDe: Wir nehmen auf die Verspätung keine Rücksicht. || [context/errors] mistakes[3].correct: Wir nehmen keine Rücksicht auf Ihre Verspätung. || [context/errors] mistakes[3].wrong: Wir nehmen keine Rücksicht auf Ihre Verspätung zu nehmen.","","","","",""
"b2-18-verb-frame-2","B2","b2-18","richten","an","accusative","ein Gesuch an die Studienberatung richten","Ihr Gesuch richten Sie bitte an die Studienberatung.","b2-lexical-grammar-v1","accusative; ambiguous; unknown","[target/vocabulary] phrases[1].de: ein Gesuch richten an || [registry/vocabulary] lexicalRegistry.b2-18-verb-frame-2: ein Gesuch an die Studienberatung richten","[context/test] miniTest[2].options[1]: Wir richten unser Gesuch der Studienberatung an. || [context/test] miniTest[2].options[2]: Wir richten an unser Gesuch die Studienberatung. || [context/test] miniTest[2].options[3]: Wir richten unser Gesuch an die Studienberatung.","","","","",""
"b2-20-verb-frame-1","B2","b2-20","angrenzen","an","accusative","eine Anmerkung an die Beschlusslage angrenzen","Die Anmerkung grenzt die Kommission an den früheren Beschluss an, statt sie neu zu begründen.","b2-lexical-grammar-v1","accusative","[registry/vocabulary] lexicalRegistry.b2-20-verb-frame-1: eine Anmerkung an die Beschlusslage angrenzen","[context/reading] reading.textDe: Im Protokoll des Studienrates stand zuerst eine Liste: die Öffnungszeiten, die Zahl der Beratungen, die Sprache der Unterlagen. Vier Wochen später las dieselbe Gruppe einen neuen Text. Er enthielt vier Bindungen und kei…","","","","",""
"b2-20-verb-frame-2","B2","b2-20","zählen","um","accusative","eine Angabe um ein Wort zählen","Diese Angabe zählt man um einen Hinweis mehr, wenn sie die Frist erklärt.","b2-lexical-grammar-v1","accusative; ambiguous","[target/vocabulary] phrases[1].de: je mehr Stimmen zählen, um so tragfähiger der Beschluss || [registry/vocabulary] lexicalRegistry.b2-20-verb-frame-2: eine Angabe um ein Wort zählen","","","","","",""
"b2-19-verb-frame-1","B2","b2-19","sich verlassen","auf","accusative","sich auf eine Auskunft verlassen","Auf die mündliche Auskunft können Sie sich im Schriftverkehr nicht verlassen.","b2-lexical-grammar-v1","accusative","[target/vocabulary] phrases[12].de: Sie können sich doch auf die Auskunft verlassen. || [registry/vocabulary] lexicalRegistry.b2-19-verb-frame-1: sich auf eine Auskunft verlassen","[context/errors] mistakes[2].correct: Ich habe mich auf Ihre Auskunft verlassen. || [context/errors] mistakes[2].wrong: Ich habe auf Ihre Auskunft mich verlassen.","","","","",""
"b2-21-verb-frame-1","B2","b2-21","berufen","auf","accusative","sich auf einen Vermerk berufen","Die Aufsicht beruft sich auf einen Vermerk, der die Uhrzeit nicht nennt.","b2-lexical-grammar-v1","accusative","[registry/vocabulary] lexicalRegistry.b2-21-verb-frame-1: sich auf einen Vermerk berufen","","","","","",""
"b2-21-verb-frame-2","B2","b2-21","abstellen","auf","accusative","auf den Wortlaut abstellen","Die Prüfung stellt auf den Wortlaut des Protokolls ab.","b2-lexical-grammar-v1","accusative","[registry/vocabulary] lexicalRegistry.b2-21-verb-frame-2: auf den Wortlaut abstellen","","","","","",""
"b2-22-verb-frame-1","B2","b2-22","abweichen","von","dative","von einer Fassung abweichen","Die Neufassung weicht von der Originalfassung nur in der Zeichensetzung ab.","b2-lexical-grammar-v1","dative","[registry/vocabulary] lexicalRegistry.b2-22-verb-frame-1: von einer Fassung abweichen","","","","","",""
"b2-22-verb-frame-2","B2","b2-22","stammen","aus","dative","aus dem Bescheid stammen","Die Zahl stammt aus dem Bescheid vom 4. März, nicht aus dem Vermerk.","b2-lexical-grammar-v1","dative","[registry/vocabulary] lexicalRegistry.b2-22-verb-frame-2: aus dem Bescheid stammen","","","","","",""
"b2-23-verb-frame-1","B2","b2-23","absehen","von","dative","von der Nachforderung absehen","Das Amt sieht von der Nachforderung ab, weil die Einrichtung die Frist versäumt hat.","b2-lexical-grammar-v1","dative","[registry/vocabulary] lexicalRegistry.b2-23-verb-frame-1: von der Nachforderung absehen","","","","","",""
"b2-23-verb-frame-2","B2","b2-23","führen","zu","dative","zu einem Erlass führen","Der Nachweis führt zu einem Erlass der Nachforderung.","b2-lexical-grammar-v1","dative","[registry/vocabulary] lexicalRegistry.b2-23-verb-frame-2: zu einem Erlass führen","","","","","",""
"b2-24-verb-frame-1","B2","b2-24","achten","auf","accusative","auf die rechte Klammer achten","Vor dem Absenden achtet man auf die rechte Klammer jedes Nebensatzes.","b2-lexical-grammar-v1","accusative","[registry/vocabulary] lexicalRegistry.b2-24-verb-frame-1: auf die rechte Klammer achten","","","","","",""
"b2-24-verb-frame-2","B2","b2-24","schließen","an","accusative","den Satz an das Zitat schließen","An das Zitat schließt sich ein Satz mit Datum und Aktenzeichen.","b2-lexical-grammar-v1","accusative","[registry/vocabulary] lexicalRegistry.b2-24-verb-frame-2: den Satz an das Zitat schließen","","","","","",""
