"sheet","row","contentId","scope","level","artifactOwner","sourceFile","contentToRead","qualityFlags","decision","reviewerName","reviewDate","note"
"sheet-6","1001","a2-24-m4","lesson-mini-test","A2","a2-24","src/data/lessons-a2-module8.ts","dex: 1,explanationAr:""جمع ميزتين."" {id:""a2-24-m4 promptDe:""Richtig negieren promptAr:""اختر: options:[""weder keine Zeit noch kein Geld ""nicht weder Zeit ""weder Zeit noch Geld ""kein Zeit und noch"" correctIndex: 2,explanationAr:""دون نفي إضافي."" {id:""a2-24-m5 promptDe:""Umsetzbarer Beschluss promptAr:""اختر: options:[""Mara bucht bis Dienstag; Plan B ist online. ""Wir machen etwas. ""Alle wissen es. ""Später vielleicht."" corre","objective-not-traced","","","",""
"sheet-6","1002","a2-24-m5","lesson-mini-test","A2","a2-24","src/data/lessons-a2-module8.ts",": 2,explanationAr:""دون نفي إضافي."" {id:""a2-24-m5 promptDe:""Umsetzbarer Beschluss promptAr:""اختر: options:[""Mara bucht bis Dienstag; Plan B ist online. ""Wir machen etwas. ""Alle wissen es. ""Später vielleicht."" correctIndex: 0,explanationAr:""مسؤول وموعد وبديل.""} flashcards:cards(""a2-24 [[""eine Entscheidung treffen ""يتخذ قرارًا ""Wir müssen heute eine Entscheidung treffen."" [""Kriterien sammeln ""يجمع معايير ""Zuerst sammeln","objective-not-traced","","","",""
"sheet-6","1003","a2-24-mediation","lesson-mediation","A2","a2-24-mediation","غير محلول آليًا — افتش المعرّف في src","","","","","",""
"sheet-6","1004","a2-24-rq1","lesson-reading","A2","a2-24-rq1","src/data/lessons-a2-module8.ts","t ar:""مُثير للاهتمام""} questions:[{id:""a2-24-rq1 promptDe:""Warum stimmt die Gruppe nicht sofort ab? promptAr:""لماذا لا تصوت المجموعة فورًا؟ options:[""Sie hat keine Ideen. ""Sie sammelt zuerst Kriterien. ""Das Projekt ist abgesagt. ""Niemand ist da."" correctIndex:1,explanationAr:""تحدد المعايير أولًا."" {id:""a2-24-rq2 promptDe:""Warum passt das Museum nicht? promptAr:""لماذا لا يناسب المتحف؟ options:[""Es ist draußen. ""Es ist","","","","",""
"sheet-6","1005","a2-24-rq2","lesson-reading","A2","a2-24-rq2","src/data/lessons-a2-module8.ts","planationAr:""تحدد المعايير أولًا."" {id:""a2-24-rq2 promptDe:""Warum passt das Museum nicht? promptAr:""لماذا لا يناسب المتحف؟ options:[""Es ist draußen. ""Es ist barrierefrei. ""Es kostet nichts. ""Es ist weder frei noch für alle günstig."" correctIndex: 3,explanationAr:""غير متاح وغير رخيص للجميع."" {id:""a2-24-rq3 promptDe:""Was ist Plan B? promptAr:""ما الخطة البديلة؟ options:[""Ein Online-Treffen ""Ein Picknick ""Ein anderes Mus","","","","",""
"sheet-6","1006","a2-24-rq3","lesson-reading","A2","a2-24-rq3","src/data/lessons-a2-module8.ts","ionAr:""غير متاح وغير رخيص للجميع."" {id:""a2-24-rq3 promptDe:""Was ist Plan B? promptAr:""ما الخطة البديلة؟ options:[""Ein Online-Treffen ""Ein Picknick ""Ein anderes Museum ""Kein Projekt"" correctIndex: 0,explanationAr:""اجتماع إلكتروني إذا لم تتوفر القاعة.""}] listening:{titleDe:""Entscheidung im Team titleAr:""قرار داخل الفريق transcriptDe:""Leiterin: Wir müssen entweder den Workshop verschieben oder einen kleineren Raum nehme","","","","",""
"sheet-6","1007","a2-24-speaking","lesson-speaking","A2","a2-24-speaking","غير محلول آليًا — افتش المعرّف في src","","","","","",""
"sheet-6","1008","a2-24-writing","lesson-writing","A2","a2-24-writing","غير محلول آليًا — افتش المعرّف في src","","","","","",""
"sheet-6","1009","b1-01-e1","lesson-controlled","B1","b1-01","src/data/lessons-b1-module1.ts","الذي تغير؟"" exercises:[{id:""b1-01-e1 type:""multiple-choice promptAr:""اختر Präteritum من werden: options:[""ist geworden فقط ""werdete ""wird ""wurde"" correctIndex: 3,explanationAr:""المضي من werden للمفرد الغائب هو wurde، وهو ما يُروى به تحوّل داخل سيرة منتهية: «wurde … geboren». «ist geworden» زمن آخر، و«werdete» غير مُستعمَل، و«wird» حاضر لا ماضٍ. فحص ذاتي: هل تحكي تاريخًا لا حالة؟"" {id:""b1-01-e2 type:""fill-blank prompt","","","","",""
"sheet-6","1010","b1-01-e2","lesson-controlled","B1","b1-01","src/data/lessons-b1-module1.ts","حص ذاتي: هل تحكي تاريخًا لا حالة؟"" {id:""b1-01-e2 type:""fill-blank promptAr:""أكمل خلفية الماضي: template:""Während des Studiums ___ er wenig Zeit. (haben) acceptedAnswers:[""hatte"" explanationAr:""القيد «Während des Studiums» يحدد فترة منتهية، فيأتي الفعل في المضي: hatte. المضارع يحوّل الخبر إلى حالة حاضرة. فحص ذاتي: هل يصلح «damals» بدل القيد دون تغيير المعنى؟"" {id:""b1-01-e3 type:""word-ordering promptAr:""رتب المرحلة: wo","","","","",""
"sheet-6","1011","b1-01-e3","lesson-controlled","B1","b1-01","src/data/lessons-b1-module1.ts","mals» بدل القيد دون تغيير المعنى؟"" {id:""b1-01-e3 type:""word-ordering promptAr:""رتب المرحلة: words:[""arbeitete er nebenbei ""Während des Studiums"" acceptedAnswers:[""Während des Studiums arbeitete er nebenbei"" explanationAr:""تقديم عنصر الزمن لا ينقل الفعل من مكانه: «Während des Studiums arbeitete er nebenbei». يبقى الفعل يلي المجموعة الزمنية، وتأخيره إلى النهاية يعطي بنية جملة جانبية بلا رابط. فحص ذاتي: كم عنصرًا سبق ال","","","","",""
"sheet-6","1012","b1-01-e4","lesson-controlled","B1","b1-01","src/data/lessons-b1-module1.ts","ط. فحص ذاتي: كم عنصرًا سبق الفعل؟"" {id:""b1-01-e4 type:""error-correction promptAr:""خفف الصيغة الثقيلة: sentence:""Als er jung gewesen ist, hat er wenig Geld gehabt. acceptedAnswers:[""Als er jung war, hatte er wenig Geld ""Als er jung war, hatte er wenig Geld."" explanationAr:""خلفية السيرة تُروى بأفعال بسيطة: «Als er jung war, hatte er wenig Geld». بناء «jung gewesen ist» يراكم زمنًا مركّبًا لحدث واحد فيبطئ السرد ويوحي بت","","","","",""
"sheet-6","1013","b1-01-e5","lesson-controlled","B1","b1-01","src/data/lessons-b1-module1.ts","ي: هل الحدثان في مستوى زمني واحد؟"" {id:""b1-01-e5 type:""matching promptAr:""طابق المرحلة بالرابط: pairs:[{left:""gleichzeitig right:""während"" {left:""nach einer Phase right:""nach dem Abschluss"" {left:""spätere Veränderung right:""drei Jahre später""} explanationAr:""الرابط يحدّد علاقة الحدث بغيره: gleichzeitig مع während، ونهاية مرحلة مع nach dem Abschluss، وتتابع بعيد مع «drei Jahre später». رابط عام يجعل السيرة قائمة أحداث","","","","",""
"sheet-6","1014","b1-01-e6","lesson-controlled","B1","b1-01","src/data/lessons-b1-module1.ts","ذاتي: هل يعرف القارئ ما سبق ماذا؟"" {id:""b1-01-e6 type:""multiple-choice promptAr:""أي فقرة سيرة أفضل؟ options:[""1995. Dann Schule. Dann Studium. ""Er wurde 1995 geboren. Nach der Schule studierte er Informatik, weil ihn Technik interessierte. ""Er ist Biografie. ""Viele Jahre und dann alles."" correctIndex:1,explanationAr:""فقرة سيرة جيدة تربط الحدث بمرحلته وبسببه: «Nach der Schule studierte er Informatik, weil ihn Technik ","","","","",""
"sheet-6","1015","b1-01-e7","lesson-controlled","B1","b1-01","src/data/lessons-b1-module1.ts","les» لا تُعلّم شيئًا ولا تُراجَع."" {id:""b1-01-e7 type:""fill-blank promptAr:""أكمل القدرة الماضية: template:""Er ___ schon früh gut programmieren. acceptedAnswers:[""konnte"" explanationAr:""القدرة في فترة منتهية تُروى بالمضي: «Er konnte schon früh gut programmieren». المضارع كان يصف حالة حاضرة، وفعل آخر لا يحمل معنى القدرة. فحص ذاتي: هل يمكن إضافة «damals» دون تغيير المعنى؟""} reading:{titleDe:""Von der Werkstatt zum Bildun","","","","",""
"sheet-6","1016","b1-01-lq1","lesson-listening","B1","b1-01-lq1","src/data/lessons-b1-module1.ts","كتشفة، والخطوة التالية. questions:[{id:""b1-01-lq1 promptDe:""Warum blieb Yilmaz nicht im Restaurant? promptAr:""لماذا لم يبقَ في المطعم؟ options:[""Er mochte das Essen nicht. ""Er konnte nicht kochen. ""Die Arbeitszeiten waren schwierig. ""Das Praktikum fiel aus."" correctIndex: 2,explanationAr:""ساعات العمل لم تناسبه."" {id:""b1-01-lq2 promptDe:""Welche Stärke zeigte sich im Einzelhandel? promptAr:""أي قوة ظهرت في البيع؟ option","","","","",""
"sheet-6","1017","b1-01-lq2","lesson-listening","B1","b1-01-lq2","src/data/lessons-b1-module1.ts","anationAr:""ساعات العمل لم تناسبه."" {id:""b1-01-lq2 promptDe:""Welche Stärke zeigte sich im Einzelhandel? promptAr:""أي قوة ظهرت في البيع؟ options:[""Allein arbeiten ""Mit Kunden arbeiten und Verantwortung übernehmen ""Technik vermeiden ""Nur kochen"" correctIndex:1,explanationAr:""التعامل مع العملاء وتحمل المسؤولية."" {id:""b1-01-lq3 promptDe:""Wie bewertet er den Berufswechsel? promptAr:""كيف يقيم تغيير المهنة؟ options:[""Er sieh","","","","",""
"sheet-6","1018","b1-01-lq3","lesson-listening","B1","b1-01-lq3","src/data/lessons-b1-module1.ts","تعامل مع العملاء وتحمل المسؤولية."" {id:""b1-01-lq3 promptDe:""Wie bewertet er den Berufswechsel? promptAr:""كيف يقيم تغيير المهنة؟ options:[""Er sieht ihn als Weg zu seinen Stärken. ""Er bereut ihn. ""Er möchte sofort zurück. ""Er findet ihn bedeutungslos."" correctIndex: 0,explanationAr:""ساعده على اكتشاف نقاط قوته.""}] pronunciation:{titleAr:""إيقاع السيرة: تاريخ ثم تحول focus:""Zeitanker und Wendepunkt explanationAr:""أبرز مرس","","","","",""
"sheet-6","1019","b1-01-m1","lesson-mini-test","B1","b1-01","src/data/lessons-b1-module1.ts","ة لا بحسب سهولته.""} miniTest:[{id:""b1-01-m1 promptDe:""werden Präteritum promptAr:""اختر: options:[""wurde ""hat geworden ""wirdete ""war werden"" correctIndex:0,explanationAr:""wurde."" {id:""b1-01-m2 promptDe:""haben Präteritum promptAr:""اختر: options:[""habe gehabt فقط ""hatte ""habte ""war haben"" correctIndex: 1,explanationAr:""hatte."" {id:""b1-01-m3 promptDe:""können Präteritum promptAr:""اختر: options:[""kannte ""gekonnt hat دائمًا","","","","",""
"sheet-6","1020","b1-01-m2","lesson-mini-test","B1","b1-01","src/data/lessons-b1-module1.ts","rectIndex:0,explanationAr:""wurde."" {id:""b1-01-m2 promptDe:""haben Präteritum promptAr:""اختر: options:[""habe gehabt فقط ""hatte ""habte ""war haben"" correctIndex: 1,explanationAr:""hatte."" {id:""b1-01-m3 promptDe:""können Präteritum promptAr:""اختر: options:[""kannte ""gekonnt hat دائمًا ""könnte للماضي الواقعي ""konnte"" correctIndex: 3,explanationAr:""konnte."" {id:""b1-01-m4 promptDe:""Zeitstruktur promptAr:""اختر: options:[""Während","","","","",""
"sheet-6","1021","b1-01-m3","lesson-mini-test","B1","b1-01","src/data/lessons-b1-module1.ts","ectIndex: 1,explanationAr:""hatte."" {id:""b1-01-m3 promptDe:""können Präteritum promptAr:""اختر: options:[""kannte ""gekonnt hat دائمًا ""könnte للماضي الواقعي ""konnte"" correctIndex: 3,explanationAr:""konnte."" {id:""b1-01-m4 promptDe:""Zeitstruktur promptAr:""اختر: options:[""Während des Studiums er arbeitete. ""Während arbeitete Studium er. ""Während des Studiums arbeitete er. ""Er während Studium."" correctIndex: 2,explanationAr:""","","","","",""
"sheet-6","1022","b1-01-m4","lesson-mini-test","B1","b1-01","src/data/lessons-b1-module1.ts","ctIndex: 3,explanationAr:""konnte."" {id:""b1-01-m4 promptDe:""Zeitstruktur promptAr:""اختر: options:[""Während des Studiums er arbeitete. ""Während arbeitete Studium er. ""Während des Studiums arbeitete er. ""Er während Studium."" correctIndex: 2,explanationAr:""عنصر الزمن ثم الفعل."" {id:""b1-01-m5 promptDe:""Rückblick promptAr:""أفضل خاتمة: options:[""Dann Ende. ""Rückblickend brachte jede Phase eine wichtige Fähigkeit. ""Alle Jahr","","","","",""
"sheet-6","1023","b1-01-m5","lesson-mini-test","B1","b1-01","src/data/lessons-b1-module1.ts","planationAr:""عنصر الزمن ثم الفعل."" {id:""b1-01-m5 promptDe:""Rückblick promptAr:""أفضل خاتمة: options:[""Dann Ende. ""Rückblickend brachte jede Phase eine wichtige Fähigkeit. ""Alle Jahre waren gleich. ""Biografie fertig."" correctIndex: 1,explanationAr:""تربط المراحل بدلالتها.""} flashcards:cards(""b1-01 [[""geboren werden ""يولد ""Sie wurde 1990 geboren."" [""aufwachsen ""ينشأ ""Er wuchs in Tunis auf."" [""eine Ausbildung machen ""يقوم","","","","",""
"sheet-6","1024","b1-01-mediation","lesson-mediation","B1","b1-01-mediation","غير محلول آليًا — افتش المعرّف في src","","","","","",""
"sheet-6","1025","b1-01-rq1","lesson-reading","B1","b1-01-rq1","src/data/lessons-b1-module1.ts","""zog ar:""ينتقل للسكن""} questions:[{id:""b1-01-rq1 promptDe:""Was hat Nadias berufliche Richtung verändert? promptAr:""ما الذي غير اتجاه نادية المهني؟ options:[""Nur der Umzug ""Ein Urlaub ""Technische Aufgaben und spätere Schulungen ""Die große Familie allein"" correctIndex: 2,explanationAr:""حل المشكلات والتدريب كشفا اهتمامها وقدرتها."" {id:""b1-01-rq2 promptDe:""Was entdeckte sie bei den Schulungen? promptAr:""ماذا اكتشفت أثناء","","","","",""
"sheet-6","1026","b1-01-rq2","lesson-reading","B1","b1-01-rq2","src/data/lessons-b1-module1.ts","ت والتدريب كشفا اهتمامها وقدرتها."" {id:""b1-01-rq2 promptDe:""Was entdeckte sie bei den Schulungen? promptAr:""ماذا اكتشفت أثناء التدريب؟ options:[""Dass sie Technik nicht mochte ""Dass sie Technik und Erklären mochte ""Dass sie keine Kurse brauchte ""Dass sie nur im Support arbeiten wollte"" correctIndex:1,explanationAr:""أحبت التقنية والشرح."" {id:""b1-01-rq3 promptDe:""Wie bewertet sie ihren Weg? promptAr:""كيف تقيم مسارها؟ op","","","","",""
"sheet-6","1027","b1-01-rq3","lesson-reading","B1","b1-01-rq3","src/data/lessons-b1-module1.ts","planationAr:""أحبت التقنية والشرح."" {id:""b1-01-rq3 promptDe:""Wie bewertet sie ihren Weg? promptAr:""كيف تقيم مسارها؟ options:[""Als geradlinig und leicht ""Als vollständig falsch ""Als ohne Zusammenhang ""Als indirekt, aber lehrreich"" correctIndex: 3,explanationAr:""لم يكن مباشرًا لكن كل مرحلة أفادتها.""}] listening:{titleDe:""Ein Lebensweg im Interview titleAr:""مسار حياة في مقابلة transcriptDe:""Interviewer: Herr Yilmaz, wie ","","","","",""
"sheet-6","1028","b1-01-speaking","lesson-speaking","B1","b1-01-speaking","غير محلول آليًا — افتش المعرّف في src","","","","","",""
"sheet-6","1029","b1-01-writing","lesson-writing","B1","b1-01-writing","غير محلول آليًا — افتش المعرّف في src","","","","","",""
"sheet-6","1030","b1-02-e1","lesson-controlled","B1","b1-02","src/data/case-teaching-registry.ts","Ids:[""b1-02-t1"" controlledExerciseIds:[""b1-02-e1 ""b1-02-e2 ""b1-02-e4"" assessmentIds:[""b1-02-m1 ""b1-02-m4""]}), contract({lessonId:""b1-04 titleDe:""Prozess und Handelnder titleAr:""هل نبرز العملية أم منفذها؟ semanticQuestionAr:""هل الجملة تركز على ما يحدث، أم تحتاج أيضًا إلى ذكر من نفذ الفعل؟ roleChoicesAr:[""العملية أو النتيجة ""المنفذ بعد von"" governedCases:[""dative"" formRuleAr:""عند ذكر المنفذ بعد von استخدم Dativ؛ لا تبد","","","","",""
"sheet-6","1031","b1-02-e2","lesson-controlled","B1","b1-02","src/data/case-teaching-registry.ts","-t1"" controlledExerciseIds:[""b1-02-e1 ""b1-02-e2 ""b1-02-e4"" assessmentIds:[""b1-02-m1 ""b1-02-m4""]}), contract({lessonId:""b1-04 titleDe:""Prozess und Handelnder titleAr:""هل نبرز العملية أم منفذها؟ semanticQuestionAr:""هل الجملة تركز على ما يحدث، أم تحتاج أيضًا إلى ذكر من نفذ الفعل؟ roleChoicesAr:[""العملية أو النتيجة ""المنفذ بعد von"" governedCases:[""dative"" formRuleAr:""عند ذكر المنفذ بعد von استخدم Dativ؛ لا تبدأ بـdem/der","","","","",""
"sheet-6","1032","b1-02-e3","lesson-controlled","B1","b1-02","src/data/lessons-b1-module1.ts","إلى «Ich habe mich entschieden»."" {id:""b1-02-e3 type:""word-ordering promptAr:""رتب الافتراض: words:[""würde ich ""den Kurs wählen ""Wenn ich Zeit hätte"" acceptedAnswers:[""Wenn ich Zeit hätte, würde ich den Kurs wählen ""Wenn ich Zeit hätte würde ich den Kurs wählen"" explanationAr:""في الشرط غير المحقق يذهب فعل wenn إلى النهاية ويأتي würde مع مصدر في الجزء الرئيسي: «Wenn ich Zeit hätte, würde ich den Kurs wählen». تقديم hät","","","","",""
"sheet-6","1033","b1-02-e4","lesson-controlled","B1","b1-02","src/data/case-teaching-registry.ts","olledExerciseIds:[""b1-02-e1 ""b1-02-e2 ""b1-02-e4"" assessmentIds:[""b1-02-m1 ""b1-02-m4""]}), contract({lessonId:""b1-04 titleDe:""Prozess und Handelnder titleAr:""هل نبرز العملية أم منفذها؟ semanticQuestionAr:""هل الجملة تركز على ما يحدث، أم تحتاج أيضًا إلى ذكر من نفذ الفعل؟ roleChoicesAr:[""العملية أو النتيجة ""المنفذ بعد von"" governedCases:[""dative"" formRuleAr:""عند ذكر المنفذ بعد von استخدم Dativ؛ لا تبدأ بـdem/der قبل تقرير","","","","",""
"sheet-6","1034","b1-02-e5","lesson-controlled","B1","b1-02","src/data/lessons-b1-module1.ts","e في الإنجليزية تُستعمل بلا ضمير."" {id:""b1-02-e5 type:""matching promptAr:""طابق البعد بالسؤال: pairs:[{left:""Kosten right:""Wie viel kostet es langfristig?"" {left:""Zeit right:""Wie verändert sich mein Alltag?"" {left:""Risiko right:""Was kann schiefgehen?""} explanationAr:""لكل بُعد سؤال يمكن الإجابة عنه: Kosten مع «Wie viel kostet es langfristig?»، و Zeit مع تغيّر اليوم، و Risiko مع ما قد يفسد. بُعد بلا سؤال يبقى عنوانًا لا","","","","",""
"sheet-6","1035","b1-02-e6","lesson-controlled","B1","b1-02","src/data/lessons-b1-module1.ts","بلا سؤال يبقى عنوانًا لا معيارًا."" {id:""b1-02-e6 type:""multiple-choice promptAr:""اختر موازنة صحيحة: options:[""Einerseits ist der Kurs teuer, andererseits ist er intensiv. ""Einerseits der Kurs teuer, andererseits intensiv er. ""Der Kurs einerseits aber andererseits. ""Einerseits ist, andererseits weil."" correctIndex:0,explanationAr:""موازنة einerseits … andererseits تحتاج فعلًا مُصرَّفًا في كل جزء: «Einerseits ist der Ku","","","","",""
"sheet-6","1036","b1-02-e7","lesson-controlled","B1","b1-02","src/data/lessons-b1-module1.ts","er يُضاعف الرابطين ويكسر التناظر."" {id:""b1-02-e7 type:""fill-blank promptAr:""أكمل الاحتمال: template:""An deiner Stelle ___ ich zuerst nachfragen. acceptedAnswers:[""würde ""wuerde"" explanationAr:""نصيحة بوضع النفس مكان الآخر تحتاج Konjunktiv II: «An deiner Stelle würde ich zuerst nachfragen». مع werde تسقط البنية، ومع muss يصير الأمر حكمًا لا نصيحة. فحص ذاتي: هل بقي القرار لصاحبه؟""} reading:{titleDe:""Eine Entscheidung mi","","","","",""
"sheet-6","1037","b1-02-lq1","lesson-listening","B1","b1-02-lq1","src/data/lessons-b1-module1.ts","لجديدة والخطوة التالية. questions:[{id:""b1-02-lq1 promptDe:""Welcher Vorteil spricht für Köln? promptAr:""ما ميزة كولونيا؟ options:[""Mehr Praxisprojekte ""Niedrigere Miete ""Nähe zur Familie ""Ein Stipendium"" correctIndex: 2,explanationAr:""أقرب إلى عائلتها."" {id:""b1-02-lq2 promptDe:""Was zeigt die hypothetische Frage? promptAr:""ماذا يكشف السؤال الافتراضي؟ options:[""Die Kosten sind unwichtig immer. ""Mara will nicht studiere","","","","",""
"sheet-6","1038","b1-02-lq2","lesson-listening","B1","b1-02-lq2","src/data/lessons-b1-module1.ts",",explanationAr:""أقرب إلى عائلتها."" {id:""b1-02-lq2 promptDe:""Was zeigt die hypothetische Frage? promptAr:""ماذا يكشف السؤال الافتراضي؟ options:[""Die Kosten sind unwichtig immer. ""Mara will nicht studieren. ""Die fachliche Entwicklung hat hohe Priorität. ""Köln hat denselben Studiengang."" correctIndex: 2,explanationAr:""لو تساوت التكاليف تختار التطور في لايبزيغ."" {id:""b1-02-lq3 promptDe:""Was prüft Mara vor der Entscheidung","","","","",""
"sheet-6","1039","b1-02-lq3","lesson-listening","B1","b1-02-lq3","src/data/lessons-b1-module1.ts","التكاليف تختار التطور في لايبزيغ."" {id:""b1-02-lq3 promptDe:""Was prüft Mara vor der Entscheidung? promptAr:""ماذا تفحص قبل القرار؟ options:[""Nur das Wetter ""Eine neue Arbeit ""Keine weiteren Informationen ""Stipendium und günstiges Wohnheim"" correctIndex: 3,explanationAr:""منحة وسكنًا رخيصًا.""}] pronunciation:{titleAr:""نبر الموازنة focus:""einerseits–andererseits explanationAr:""أعط الجانبين وزنًا صوتيًا متقاربًا، ثم أبرز ا","","","","",""
"sheet-6","1040","b1-02-m1","lesson-mini-test","B1","b1-02","src/data/case-teaching-registry.ts","""b1-02-e2 ""b1-02-e4"" assessmentIds:[""b1-02-m1 ""b1-02-m4""]}), contract({lessonId:""b1-04 titleDe:""Prozess und Handelnder titleAr:""هل نبرز العملية أم منفذها؟ semanticQuestionAr:""هل الجملة تركز على ما يحدث، أم تحتاج أيضًا إلى ذكر من نفذ الفعل؟ roleChoicesAr:[""العملية أو النتيجة ""المنفذ بعد von"" governedCases:[""dative"" formRuleAr:""عند ذكر المنفذ بعد von استخدم Dativ؛ لا تبدأ بـdem/der قبل تقرير أن هذا الاسم هو المنفذ. the","","","","",""
"sheet-6","1041","b1-02-m2","lesson-mini-test","B1","b1-02","src/data/lessons-b1-module1.ts","lanationAr:""الفعل انعكاسي مع für."" {id:""b1-02-m2 promptDe:""Abwägung promptAr:""اختر: options:[""Entweder … weil … ""Einerseits … andererseits … ""Weder … deshalb … ""Als … wenn …"" correctIndex: 1,explanationAr:""عرض جانبين."" {id:""b1-02-m3 promptDe:""Hypothese promptAr:""اختر: options:[""Wenn ich würde wählen, ich umziehe. ""Wenn wähle ich, würde umziehen. ""Ich müsste wenn würde. ""Wenn ich wählen müsste, würde ich umziehen."" co","","","","",""
"sheet-6","1042","b1-02-m3","lesson-mini-test","B1","b1-02","src/data/lessons-b1-module1.ts","dex: 1,explanationAr:""عرض جانبين."" {id:""b1-02-m3 promptDe:""Hypothese promptAr:""اختر: options:[""Wenn ich würde wählen, ich umziehe. ""Wenn wähle ich, würde umziehen. ""Ich müsste wenn würde. ""Wenn ich wählen müsste, würde ich umziehen."" correctIndex: 3,explanationAr:""شرط Konjunktiv II وwürde في الرئيسية."" {id:""b1-02-m4 promptDe:""wir Perfekt promptAr:""اختر: options:[""Wir sind uns entscheidet. ""Wir haben sich entschieden.","","","","",""
"sheet-6","1043","b1-02-m4","lesson-mini-test","B1","b1-02","src/data/case-teaching-registry.ts","""b1-02-e4"" assessmentIds:[""b1-02-m1 ""b1-02-m4""]}), contract({lessonId:""b1-04 titleDe:""Prozess und Handelnder titleAr:""هل نبرز العملية أم منفذها؟ semanticQuestionAr:""هل الجملة تركز على ما يحدث، أم تحتاج أيضًا إلى ذكر من نفذ الفعل؟ roleChoicesAr:[""العملية أو النتيجة ""المنفذ بعد von"" governedCases:[""dative"" formRuleAr:""عند ذكر المنفذ بعد von استخدم Dativ؛ لا تبدأ بـdem/der قبل تقرير أن هذا الاسم هو المنفذ. theoryIds:[""b","","","","",""
"sheet-6","1044","b1-02-m5","lesson-mini-test","B1","b1-02","src/data/lessons-b1-module1.ts","nAr:""wir → uns، Perfekt مع haben."" {id:""b1-02-m5 promptDe:""Gute Entscheidung promptAr:""الأفضل: options:[""أول إحساس فقط ""Kriterien, Risiko und Prüftermin ""لا معلومات جديدة ""قرار بلا بديل"" correctIndex: 1,explanationAr:""معايير وخطر ومراجعة.""} flashcards:cards(""b1-02 [[""sich für etwas entscheiden ""يقرر لصالح شيء ""Ich entscheide mich für den Kurs."" [""sich gegen etwas entscheiden ""يقرر ضد شيء ""Sie entscheidet sich gegen d","","","","",""
"sheet-6","1045","b1-02-mediation","lesson-mediation","B1","b1-02-mediation","غير محلول آليًا — افتش المعرّف في src","","","","","",""
"sheet-6","1046","b1-02-rq1","lesson-reading","B1","b1-02-rq1","src/data/lessons-b1-module1.ts","überprüfen ar:""يراجع""} questions:[{id:""b1-02-rq1 promptDe:""Was war das Hauptrisiko der neuen Stelle? promptAr:""ما الخطر الرئيسي؟ options:[""Der Arbeitsweg war länger فقط ""Der Vertrag war zunächst befristet. ""Das Gehalt war niedriger. ""Es gab keine Aufgaben."" correctIndex:1,explanationAr:""العقد محدد سنة."" {id:""b1-02-rq2 promptDe:""Wie reduzierte Samir das Risiko? promptAr:""كيف قلل سمير الخطر؟ options:[""Er sagte sofort a","","","","",""
"sheet-6","1047","b1-02-rq2","lesson-reading","B1","b1-02-rq2","src/data/lessons-b1-module1.ts",":1,explanationAr:""العقد محدد سنة."" {id:""b1-02-rq2 promptDe:""Wie reduzierte Samir das Risiko? promptAr:""كيف قلل سمير الخطر؟ options:[""Er sagte sofort ab. ""Er ignorierte den Vertrag. ""Er fragte nach Probephase, Flexibilität und Perspektive. ""Er zog sofort um."" correctIndex: 2,explanationAr:""طلب ترتيبات ومعلومات تقلل عدم اليقين."" {id:""b1-02-rq3 promptDe:""Warum plant er ein Gespräch nach drei Monaten? promptAr:""لماذا يخط","","","","",""
"sheet-6","1048","b1-02-rq3","lesson-reading","B1","b1-02-rq3","src/data/lessons-b1-module1.ts","ترتيبات ومعلومات تقلل عدم اليقين."" {id:""b1-02-rq3 promptDe:""Warum plant er ein Gespräch nach drei Monaten? promptAr:""لماذا يخطط لمحادثة بعد ثلاثة أشهر؟ options:[""Um das Gehalt geheim zu halten. ""Um die Entscheidung mit neuen Erfahrungen zu prüfen. ""Um sofort zu kündigen. ""Um die alte Stelle zurückzubekommen."" correctIndex:1,explanationAr:""يراجع القرار بناءً على التجربة.""}] listening:{titleDe:""Zwei Studienorte titleAr","","","","",""
"sheet-6","1049","b1-02-speaking","lesson-speaking","B1","b1-02-speaking","غير محلول آليًا — افتش المعرّف في src","","","","","",""
"sheet-6","1050","b1-02-writing","lesson-writing","B1","b1-02-writing","غير محلول آليًا — افتش المعرّف في src","","","","","",""
"sheet-6","1051","b1-03-e1","lesson-controlled","B1","b1-03","src/data/lessons-b1-module1.ts","ن ملاحظته."" exercises:[{id:""b1-03-e1 type:""multiple-choice promptAr:""اختر Plusquamperfekt: options:[""Sie hatte den Kurs beendet. ""Sie hat den Kurs beendet. ""Sie beendete gerade فقط ""Sie hatte beendet den Kurs."" correctIndex:0,explanationAr:""الماضي السابق يُبنى بـ hatte مع Partizip II في النهاية: «Sie hatte den Kurs beendet». Perfekt يروي حدثًا ماضيًا لا حدثًا سبق ماضيًا، وتقديم beendet على المفعول يكسر نهاية الجزء. ف","","","","",""
"sheet-6","1052","b1-03-e2","lesson-controlled","B1","b1-03","src/data/lessons-b1-module1.ts","جزء. فحص ذاتي: هل سبق حدثٌ حدثًا؟"" {id:""b1-03-e2 type:""fill-blank promptAr:""حركة سابقة: template:""Der Zug ___ schon abgefahren. (sein) acceptedAnswers:[""war"" explanationAr:""أفعال الحركة تتصرّف مع sein في الماضي: «Der Zug war schon abgefahren». مع haben يبقى التركيب غير مطابق للانتقال، وحذف schon يترك السبق الزمني بلا إشارة. فحص ذاتي: هل تحرك شيء قبل الآن؟"" {id:""b1-03-e3 type:""word-ordering promptAr:""رتب التسلسل: word","","","","",""
"sheet-6","1053","b1-03-e3","lesson-controlled","B1","b1-03","src/data/lessons-b1-module1.ts",". فحص ذاتي: هل تحرك شيء قبل الآن؟"" {id:""b1-03-e3 type:""word-ordering promptAr:""رتب التسلسل: words:[""bekam sie ein Angebot ""Nachdem sie den Kurs beendet hatte"" acceptedAnswers:[""Nachdem sie den Kurs beendet hatte, bekam sie ein Angebot ""Nachdem sie den Kurs beendet hatte bekam sie ein Angebot"" explanationAr:""يُفتتح الجزء بـ بعدم مع الماضي السابق ثم يأتي الحدث اللاحق: «Nachdem sie den Kurs beendet hatte, bekam sie ein ","","","","",""
"sheet-6","1054","b1-03-e4","lesson-controlled","B1","b1-03","src/data/lessons-b1-module1.ts","لإنهاء الدورة، فيضيع سبب القرار."" {id:""b1-03-e4 type:""error-correction promptAr:""صحح القوس: sentence:""Nachdem sie hatte den Kurs beendet, bekam sie Arbeit. acceptedAnswers:[""Nachdem sie den Kurs beendet hatte, bekam sie Arbeit ""Nachdem sie den Kurs beendet hatte, bekam sie Arbeit."" explanationAr:""مع nachdem يذهب الفعل المساعد إلى نهاية الجزء: «Nachdem sie den Kurs beendet hatte, bekam sie Arbeit». تقديم hatte على الم","","","","",""
"sheet-6","1055","b1-03-e5","lesson-controlled","B1","b1-03","src/data/lessons-b1-module1.ts","حص ذاتي: هل ينتهي الجزء بـ hatte؟"" {id:""b1-03-e5 type:""matching promptAr:""طابق الزمن بوظيفته: pairs:[{left:""Plusquamperfekt right:""حدث سبق حدثًا ماضيًا"" {left:""Präteritum/Perfekt right:""الحدث الماضي الرئيسي"" {left:""seitdem + Präsens right:""أثر مستمر إلى الآن""} explanationAr:""لكل زمن موقع في التسلسل: Plusquamperfekt لحدث سبق حدثًا ماضيًا، و Präteritum أو Perfekt للحدث الرئيسي، و seitdem مع المضارع لأثر يمتدّ إلى الآن.","","","","",""
"sheet-6","1056","b1-03-e6","lesson-controlled","B1","b1-03","src/data/lessons-b1-module1.ts","حص ذاتي: ما الذي وقع قبل ما الذي؟"" {id:""b1-03-e6 type:""multiple-choice promptAr:""اختر أثرًا قابلًا للملاحظة: options:[""Seitdem ist alles anders. ""Seitdem habe ich mehr Motivation. ""Seitdem prüfe ich jede Woche meinen Plan. ""Alles تغير كثيرًا بلا مثال."" correctIndex: 2,explanationAr:""الأثر القابل للملاحظة سلوك متكرر له وتيرة: «prüfe ich jede Woche meinen Plan». «Seitdem ist alles anders» حكم عام بلا فعل، فلا يُقاس ولا","","","","",""
"sheet-6","1057","b1-03-e7","lesson-controlled","B1","b1-03","src/data/lessons-b1-module1.ts","حص ذاتي: هل يراك شخص وأنت تنفّذه؟"" {id:""b1-03-e7 type:""fill-blank promptAr:""أكمل الرابط: template:""___ ich alles geprüft hatte, entschied ich mich. acceptedAnswers:[""Nachdem"" explanationAr:""حدث اكتمل قبل حدث ماضٍ يُقدَّم بـ nachdem مع مضيّ سابق: «Nachdem ich alles geprüft hatte, entschied ich mich». weil تُعلّل ولا تُرتّب، و während تصحب حدثين متزامنين. فحص ذاتي: أي الحدثين انتهى قبل الآخر؟""} reading:{titleDe:""Ein kl","","","","",""
"sheet-6","1058","b1-03-lq1","lesson-listening","B1","b1-03-lq1","src/data/lessons-b1-module1.ts","تحليل، والتغير المستمر. questions:[{id:""b1-03-lq1 promptDe:""Was war vor dem Terminproblem passiert? promptAr:""ماذا حدث قبل مشكلة الموعد؟ options:[""Das Team hatte jede Woche geprüft. ""David hatte große Puffer geplant. ""Das Projekt war erfolgreich. ""Zwei Lieferungen waren zu spät angekommen."" correctIndex: 3,explanationAr:""كان توريدان قد وصلا متأخرين."" {id:""b1-03-lq2 promptDe:""Was stellte das Team fest? promptAr:""ماذا ","","","","",""
"sheet-6","1059","b1-03-lq2","lesson-listening","B1","b1-03-lq2","src/data/lessons-b1-module1.ts","nAr:""كان توريدان قد وصلا متأخرين."" {id:""b1-03-lq2 promptDe:""Was stellte das Team fest? promptAr:""ماذا اكتشف الفريق؟ options:[""Niemand hatte Zwischenziele klar kontrolliert. ""Der Termin war unwichtig. ""Alle Risiken waren bekannt. ""Sie mussten schneller sprechen."" correctIndex: 0,explanationAr:""لم يراجع أحد الأهداف المرحلية."" {id:""b1-03-lq3 promptDe:""Was macht David seitdem? promptAr:""ماذا يفعل منذ ذلك الحين؟ options:[","","","","",""
"sheet-6","1060","b1-03-lq3","lesson-listening","B1","b1-03-lq3","src/data/lessons-b1-module1.ts","r:""لم يراجع أحد الأهداف المرحلية."" {id:""b1-03-lq3 promptDe:""Was macht David seitdem? promptAr:""ماذا يفعل منذ ذلك الحين؟ options:[""Er plant ohne Risiken. ""Er plant Puffer, nennt Risiken und prüft wöchentlich. ""Er vermeidet Projekte. ""Er kontrolliert nur am Ende."" correctIndex:1,explanationAr:""يضع هامشًا ويراجع المخاطر والحالة.""}] pronunciation:{titleAr:""ترتيب زمني مسموع focus:""nachdem–dann–seitdem explanationAr:""أبرز ","","","","",""
"sheet-6","1061","b1-03-m1","lesson-mini-test","B1","b1-03","src/data/lessons-b1-module1.ts","واحدة لا كل الخط.""} miniTest:[{id:""b1-03-m1 promptDe:""Plusquamperfekt promptAr:""اختر: options:[""Sie hatte den Kurs beendet. ""Sie hat den Kurs beendet. ""Sie hatte beendet den Kurs. ""Sie war beendet."" correctIndex:0,explanationAr:""hatte + Partizip في النهاية."" {id:""b1-03-m2 promptDe:""Bewegung promptAr:""اختر: options:[""Der Zug hatte abgefahren. ""Der Zug ist abgefahren كان سابقًا بلا سياق ""Der Zug war abfahren. ""Der Zug ","","","","",""
"sheet-6","1062","b1-03-m2","lesson-mini-test","B1","b1-03","src/data/lessons-b1-module1.ts","nAr:""hatte + Partizip في النهاية."" {id:""b1-03-m2 promptDe:""Bewegung promptAr:""اختر: options:[""Der Zug hatte abgefahren. ""Der Zug ist abgefahren كان سابقًا بلا سياق ""Der Zug war abfahren. ""Der Zug war abgefahren."" correctIndex: 3,explanationAr:""sein في Plusquamperfekt: war abgefahren."" {id:""b1-03-m3 promptDe:""nachdem promptAr:""اختر: options:[""Nachdem sie hatte gelernt, sie bestand. ""Nachdem gelernt sie, bestand. ""Nach","","","","",""
"sheet-6","1063","b1-03-m3","lesson-mini-test","B1","b1-03","src/data/lessons-b1-module1.ts","Plusquamperfekt: war abgefahren."" {id:""b1-03-m3 promptDe:""nachdem promptAr:""اختر: options:[""Nachdem sie hatte gelernt, sie bestand. ""Nachdem gelernt sie, bestand. ""Nachdem sie gelernt hatte, bestand sie. ""Sie nachdem hatte gelernt."" correctIndex: 2,explanationAr:""الفعل المصرف آخر جملة nachdem."" {id:""b1-03-m4 promptDe:""seitdem promptAr:""أفضل أثر: options:[""Seitdem alles anders. ""Seitdem war gestern. ""Seitdem ich prüfe","","","","",""
"sheet-6","1064","b1-03-m4","lesson-mini-test","B1","b1-03","src/data/lessons-b1-module1.ts","r:""الفعل المصرف آخر جملة nachdem."" {id:""b1-03-m4 promptDe:""seitdem promptAr:""أفضل أثر: options:[""Seitdem alles anders. ""Seitdem war gestern. ""Seitdem ich prüfe alles. ""Seitdem prüfe ich wöchentlich meinen Plan."" correctIndex: 3,explanationAr:""سلوك مستمر واضح."" {id:""b1-03-m5 promptDe:""Zeitfolge promptAr:""اختر: options:[""Vorbereitung im Plusquamperfekt, Wendepunkt im Erzähltempus ""كل الأحداث Plusquamperfekt ""لا روابط ز","","","","",""
"sheet-6","1065","b1-03-m5","lesson-mini-test","B1","b1-03","src/data/lessons-b1-module1.ts","3,explanationAr:""سلوك مستمر واضح."" {id:""b1-03-m5 promptDe:""Zeitfolge promptAr:""اختر: options:[""Vorbereitung im Plusquamperfekt, Wendepunkt im Erzähltempus ""كل الأحداث Plusquamperfekt ""لا روابط زمنية ""seitdem للحدث السابق المنتهي"" correctIndex:0,explanationAr:""فصل الطبقات الزمنية.""} flashcards:cards(""b1-03 [[""ein Wendepunkt ""نقطة تحول ""Das Praktikum war ein Wendepunkt."" [""vorher ""قبل ذلك ""Vorher hatte ich wenig Erfahr","","","","",""
"sheet-6","1066","b1-03-mediation","lesson-mediation","B1","b1-03-mediation","غير محلول آليًا — افتش المعرّف في src","","","","","",""
"sheet-6","1067","b1-03-rq1","lesson-reading","B1","b1-03-rq1","src/data/lessons-b1-module1.ts","fällig ar:""بالمصادفة""} questions:[{id:""b1-03-rq1 promptDe:""Welche Erfahrung hatte Rania schon vor Deutschland? promptAr:""ما الخبرة السابقة؟ options:[""Sie hatte im Café gearbeitet. ""Sie hatte eine Agentur gegründet. ""Sie hatte den Arbeitsmarkt erklärt. ""Sie hatte Grafikdesign gelernt."" correctIndex: 3,explanationAr:""كانت قد تعلمت التصميم."" {id:""b1-03-rq2 promptDe:""Was war der Wendepunkt? promptAr:""ما نقطة التحول؟ opti","","","","",""
"sheet-6","1068","b1-03-rq2","lesson-reading","B1","b1-03-rq2","src/data/lessons-b1-module1.ts","anationAr:""كانت قد تعلمت التصميم."" {id:""b1-03-rq2 promptDe:""Was war der Wendepunkt? promptAr:""ما نقطة التحول؟ options:[""Der Umzug allein ""Der Auftrag für die Speisekarte und die Empfehlung ""Der Teilzeitvertrag ""Ein zufälliger Urlaub"" correctIndex:1,explanationAr:""المهمة الأولى والتوصية كشفتا قيمة خبرتها."" {id:""b1-03-rq3 promptDe:""Was macht sie seitdem anders? promptAr:""ماذا تفعل بصورة مختلفة؟ options:[""Sie zeigt Proj","","","","",""
"sheet-6","1069","b1-03-rq3","lesson-reading","B1","b1-03-rq3","src/data/lessons-b1-module1.ts","لأولى والتوصية كشفتا قيمة خبرتها."" {id:""b1-03-rq3 promptDe:""Was macht sie seitdem anders? promptAr:""ماذا تفعل بصورة مختلفة؟ options:[""Sie zeigt Projekte früher und sucht Feedback. ""Sie wartet immer zufällig. ""Sie arbeitet nicht mehr. ""Sie versteckt ihr Portfolio."" correctIndex:0,explanationAr:""تعرض العمل وتطلب الملاحظات بنشاط.""}] listening:{titleDe:""Nachdem alles schiefgegangen war titleAr:""بعد أن تعطلت الخطة transcr","","","","",""
"sheet-6","1070","b1-03-speaking","lesson-speaking","B1","b1-03-speaking","غير محلول آليًا — افتش المعرّف في src","","","","","",""
"sheet-6","1071","b1-03-writing","lesson-writing","B1","b1-03-writing","غير محلول آليًا — افتش المعرّف في src","","","","","",""
"sheet-6","1072","b1-04-e1","lesson-controlled","B1","b1-04","src/data/lessons-b1-module2.ts","طوة تالية."" exercises:[{id:""b1-04-e1 type:""multiple-choice promptAr:""اختر Passiv الصحيح: options:[""Die Texte werden prüfen. ""Die Texte sind prüfen. ""Die Texte geprüft werden sie. ""Die Texte werden geprüft."" correctIndex: 3,explanationAr:""المبني للمجهول في المضارع = werden المصروف ثم Partizip II في النهاية: «Die Texte werden geprüft». «werden prüfen» يترك الفعل بلا تصريف مفعولي، و«sind prüfen» يخلط الكون بالمجهول. فحص","","","","",""
"sheet-6","1073","b1-04-e2","lesson-controlled","B1","b1-04","src/data/case-teaching-registry.ts","Ids:[""b1-04-t1"" controlledExerciseIds:[""b1-04-e2 ""b1-04-e7"" assessmentIds:[""b1-04-m3""]}), contract({lessonId:""b1-08 titleDe:""Funktion vor Relativpronomen titleAr:""وظيفة الاسم قبل شكل الضمير semanticQuestionAr:""من يفعل؟ من يقع عليه الفعل؟ ولمن يُكتب أو تُقدّم المساعدة؟ roleChoicesAr:[""فاعل ""مفعول مباشر ""متلقٍ أو مستفيد"" governedCases:[""nominative ""accusative ""dative"" formRuleAr:""حوّل الوظيفة إلى Nominativ/Akkusativ/Da","","","","",""
"sheet-6","1074","b1-04-e3","lesson-controlled","B1","b1-04","src/data/lessons-b1-module2.ts","ل الفاعل إلى Pläne وراقب المساعد."" {id:""b1-04-e3 type:""word-ordering promptAr:""رتب العملية: words:[""bis Mittwoch ""werden ""Die Aufgaben ""abgeschlossen"" acceptedAnswers:[""Die Aufgaben werden bis Mittwoch abgeschlossen ""Die Aufgaben werden bis Mittwoch abgeschlossen."" explanationAr:""البناء بالمجهول يوزّع أجزاءه: werden يلي الفاعل، ثم القيد bis Mittwoch، و Partizip في النهاية: «Die Aufgaben werden bis Mittwoch abgeschlos","","","","",""
"sheet-6","1075","b1-04-e4","lesson-controlled","B1","b1-04","src/data/lessons-b1-module2.ts","eschlossen يترك الجزء غير مُتمّم."" {id:""b1-04-e4 type:""error-correction promptAr:""صحح Passiv: sentence:""Die Datei wird schicken morgen. acceptedAnswers:[""Die Datei wird morgen geschickt ""Die Datei wird morgen geschickt."" explanationAr:""المجهول يحتاج werden مع Partizip II في النهاية لا مع مصدر: «Die Datei wird morgen geschickt». الإبقاء على schicken يترك الجملة نصف بناء، وتقديم القيد لا يعوّض المصدر الناقص."" {id:""b1-0","","","","",""
"sheet-6","1076","b1-04-e5","lesson-controlled","B1","b1-04","src/data/lessons-b1-module2.ts","ديم القيد لا يعوّض المصدر الناقص."" {id:""b1-04-e5 type:""matching promptAr:""طابق عنصر المهمة بالسؤال: pairs:[{left:""Verantwortung right:""Wer?"" {left:""Ergebnis right:""Was wird geliefert?"" {left:""Frist right:""Bis wann?""} explanationAr:""المهمة تُنفَّذ إذا أجابت عن ثلاثة أسئلة: Verantwortung مع «Wer?»، und Ergebnis مع «Was wird geliefert?»، und Frist مع «Bis wann?». غياب سؤال واحد يجعل الاتفاق غير قابل للمطالبة."" {id:""b1-0","","","","",""
"sheet-6","1077","b1-04-e6","lesson-controlled","B1","b1-04","src/data/lessons-b1-module2.ts","د يجعل الاتفاق غير قابل للمطالبة."" {id:""b1-04-e6 type:""multiple-choice promptAr:""اختر ملاحظة بناءة: options:[""Die Datei kam zweimal spät; dadurch konnte das Design nicht starten. Bitte informiere nächstes Mal früher. ""Du bist unzuverlässig. ""Alles war schlecht. ""Du machst immer Probleme."" correctIndex: 0,explanationAr:""الملاحظة البناءة تصف سلوكًا وتبيّن أثره وتقترح خطوة: «die Datei kam zweimal spät; dadurch konnte da","","","","",""
"sheet-6","1078","b1-04-e7","lesson-controlled","B1","b1-04","src/data/case-teaching-registry.ts","-t1"" controlledExerciseIds:[""b1-04-e2 ""b1-04-e7"" assessmentIds:[""b1-04-m3""]}), contract({lessonId:""b1-08 titleDe:""Funktion vor Relativpronomen titleAr:""وظيفة الاسم قبل شكل الضمير semanticQuestionAr:""من يفعل؟ من يقع عليه الفعل؟ ولمن يُكتب أو تُقدّم المساعدة؟ roleChoicesAr:[""فاعل ""مفعول مباشر ""متلقٍ أو مستفيد"" governedCases:[""nominative ""accusative ""dative"" formRuleAr:""حوّل الوظيفة إلى Nominativ/Akkusativ/Dativ، ثم اجم","","","","",""
"sheet-6","1079","b1-04-lq1","lesson-listening","B1","b1-04-lq1","src/data/lessons-b1-module2.ts","شكلة وأثر وخطوة ومسؤول. questions:[{id:""b1-04-lq1 promptDe:""Was hat gut funktioniert? promptAr:""ما الذي نجح؟ options:[""Aufbau und Beispiele ""Der Techniktest ""Der Plan B ""Das Ersatzgerät"" correctIndex: 0,explanationAr:""البنية والأمثلة ساعدت الضيوف."" {id:""b1-04-lq2 promptDe:""Was fehlte beim Technikproblem? promptAr:""ما الذي كان ناقصًا؟ options:[""Ein Thema ""Ein Plan B ""Gäste ""Eine Einladung"" correctIndex:1,explanationAr","","","","",""
"sheet-6","1080","b1-04-lq2","lesson-listening","B1","b1-04-lq2","src/data/lessons-b1-module2.ts","Ar:""البنية والأمثلة ساعدت الضيوف."" {id:""b1-04-lq2 promptDe:""Was fehlte beim Technikproblem? promptAr:""ما الذي كان ناقصًا؟ options:[""Ein Thema ""Ein Plan B ""Gäste ""Eine Einladung"" correctIndex:1,explanationAr:""لم توجد خطة بديلة."" {id:""b1-04-lq3 promptDe:""Was übernimmt Ben? promptAr:""ماذا يتولى بن؟ options:[""Die Checkliste ""Die Präsentation ""Das Ersatzmikrofon ""Die Gästeliste"" correctIndex: 0,explanationAr:""يتولى قائمة ","","","","",""
"sheet-6","1081","b1-04-lq3","lesson-listening","B1","b1-04-lq3","src/data/lessons-b1-module2.ts","explanationAr:""لم توجد خطة بديلة."" {id:""b1-04-lq3 promptDe:""Was übernimmt Ben? promptAr:""ماذا يتولى بن؟ options:[""Die Checkliste ""Die Präsentation ""Das Ersatzmikrofon ""Die Gästeliste"" correctIndex: 0,explanationAr:""يتولى قائمة الفحص.""}] pronunciation:{titleAr:""نبر الإجراء في Passiv focus:""Prozessakzent explanationAr:""في Passiv يحمل Partizip غالبًا المعلومة الإجرائية الجديدة: Der Plan wird ERSTELLT. أما werden فيبقى أ","","","","",""
"sheet-6","1082","b1-04-m1","lesson-mini-test","B1","b1-04","src/data/lessons-b1-module2.ts",":""حدث، أثر، خطوة.""} miniTest:[{id:""b1-04-m1 promptDe:""Passiv promptAr:""اختر: options:[""Der Plan wird erstellt. ""Der Plan wird erstellen. ""Der Plan erstellt wird er. ""Der Plan ist erstellen."" correctIndex:0,explanationAr:""werden + Partizip."" {id:""b1-04-m2 promptDe:""Plural promptAr:""اختر: options:[""Die Texte wird geprüft. ""Die Texte werden geprüft. ""Die Texte werden prüfen. ""Die Texte sind prüfen."" correctIndex:1,expla","","","","",""
"sheet-6","1083","b1-04-m2","lesson-mini-test","B1","b1-04","src/data/lessons-b1-module2.ts","explanationAr:""werden + Partizip."" {id:""b1-04-m2 promptDe:""Plural promptAr:""اختر: options:[""Die Texte wird geprüft. ""Die Texte werden geprüft. ""Die Texte werden prüfen. ""Die Texte sind prüfen."" correctIndex:1,explanationAr:""Plural: werden."" {id:""b1-04-m3 promptDe:""Agens promptAr:""اختر: options:[""mit Mara تفيد أداة ""für Mara دائمًا ""von Mara ""zu Mara"" correctIndex: 2,explanationAr:""von + Dativ للمنفذ."" {id:""b1-04-m4 p","","","","",""
"sheet-6","1084","b1-04-m3","lesson-mini-test","B1","b1-04","src/data/case-teaching-registry.ts",":[""b1-04-e2 ""b1-04-e7"" assessmentIds:[""b1-04-m3""]}), contract({lessonId:""b1-08 titleDe:""Funktion vor Relativpronomen titleAr:""وظيفة الاسم قبل شكل الضمير semanticQuestionAr:""من يفعل؟ من يقع عليه الفعل؟ ولمن يُكتب أو تُقدّم المساعدة؟ roleChoicesAr:[""فاعل ""مفعول مباشر ""متلقٍ أو مستفيد"" governedCases:[""nominative ""accusative ""dative"" formRuleAr:""حوّل الوظيفة إلى Nominativ/Akkusativ/Dativ، ثم اجمعها مع جنس الاسم لاختيار d","","","","",""
"sheet-6","1085","b1-04-m4","lesson-mini-test","B1","b1-04","src/data/lessons-b1-module2.ts","xplanationAr:""von + Dativ للمنفذ."" {id:""b1-04-m4 promptDe:""Klare Aufgabe promptAr:""الأفضل: options:[""Alle machen alles. ""Technik irgendwann. ""Man kümmert sich. ""Ben testet das Mikrofon bis Donnerstag."" correctIndex: 3,explanationAr:""مسؤول ومخرج وموعد."" {id:""b1-04-m5 promptDe:""Feedback promptAr:""الأفضل: options:[""Du bist schlecht. ""Immer machst du Fehler. ""Die Datei war spät; dadurch wartete das Team. Bitte informiere","","","","",""
"sheet-6","1086","b1-04-m5","lesson-mini-test","B1","b1-04","src/data/lessons-b1-module2.ts","explanationAr:""مسؤول ومخرج وموعد."" {id:""b1-04-m5 promptDe:""Feedback promptAr:""الأفضل: options:[""Du bist schlecht. ""Immer machst du Fehler. ""Die Datei war spät; dadurch wartete das Team. Bitte informiere früher. ""Alles war falsch."" correctIndex: 2,explanationAr:""سلوك وأثر وخطوة.""} flashcards:cards(""b1-04 [[""Aufgaben verteilen ""يوزع المهام ""Wir verteilen die Aufgaben klar."" [""Verantwortung übernehmen ""يتحمل المسؤولية ""","","","","",""
"sheet-6","1087","b1-04-mediation","lesson-mediation","B1","b1-04-mediation","غير محلول آليًا — افتش المعرّف في src","","","","","",""
"sheet-6","1088","b1-04-rq1","lesson-reading","B1","b1-04-rq1","src/data/lessons-b1-module2.ts","künftige ar:""مستقبلي""} questions:[{id:""b1-04-rq1 promptDe:""Was war das Hauptproblem am Anfang? promptAr:""ما المشكلة الأساسية في البداية؟ options:[""Das Team hatte kein Ziel. ""Verantwortung und Aufgaben waren unklar. ""Die Veranstaltung war abgesagt. ""Niemand war motiviert."" correctIndex:1,explanationAr:""المهام عامة والمسؤوليات متداخلة أو مفقودة."" {id:""b1-04-rq2 promptDe:""Was änderte das Team nach drei Wochen? promptAr:","","","","",""
"sheet-6","1089","b1-04-rq2","lesson-reading","B1","b1-04-rq2","src/data/lessons-b1-module2.ts","مة والمسؤوليات متداخلة أو مفقودة."" {id:""b1-04-rq2 promptDe:""Was änderte das Team nach drei Wochen? promptAr:""ماذا غير الفريق؟ options:[""Es beschuldigte einzelne Personen. ""Es beendete das Projekt. ""Es definierte Verantwortung, Ergebnis, Frist und Abhängigkeiten. ""Es entfernte den Zeitplan."" correctIndex: 2,explanationAr:""جعل كل مهمة قابلة للمتابعة."" {id:""b1-04-rq3 promptDe:""Warum konnte das Design nicht sofort beginn","","","","",""
"sheet-6","1090","b1-04-rq3","lesson-reading","B1","b1-04-rq3","src/data/lessons-b1-module2.ts","onAr:""جعل كل مهمة قابلة للمتابعة."" {id:""b1-04-rq3 promptDe:""Warum konnte das Design nicht sofort beginnen? promptAr:""لماذا لم يبدأ التصميم فورًا؟ options:[""Der Raum war zu klein. ""Die Texte mussten zuerst freigegeben werden. ""Der Designer war nicht im Team. ""Die Einladung war fertig."" correctIndex:1,explanationAr:""التصميم يعتمد على اعتماد النصوص.""}] listening:{titleDe:""Feedback nach einer Präsentation titleAr:""ملاحظا","","","","",""
"sheet-6","1091","b1-04-speaking","lesson-speaking","B1","b1-04-speaking","غير محلول آليًا — افتش المعرّف في src","","","","","",""
"sheet-6","1092","b1-04-writing","lesson-writing","B1","b1-04-writing","غير محلول آليًا — افتش المعرّف في src","","","","","",""
"sheet-6","1093","b1-05-e1","lesson-controlled","B1","b1-05","src/data/lessons-b1-module2.ts","r machen …"" exercises:[{id:""b1-05-e1 type:""multiple-choice promptAr:""اختر ملاحظة لا حكمًا: options:[""Die Datei kam deutlich zu spät und war sehr unprofessionell. ""Die Datei kam am Freitag statt am Mittwoch. ""Das war wieder typisch unzuverlässig. ""Du hast den Termin ignoriert, ohne jede Erklärung."" correctIndex: 1,explanationAr:""الملاحظة حدث محدّد قابل للتحقق: «kam am Freitag statt am Mittwoch». أوصاف الشخص وألفاظ الت","","","","",""
"sheet-6","1094","b1-05-e2","lesson-controlled","B1","b1-05","src/data/lessons-b1-module2.ts","ق النقاش ولا يبقى موعد يمكن ضبطه."" {id:""b1-05-e2 type:""fill-blank promptAr:""أكمل الجملة الفرعية: template:""___ er geschrieben hatte, blieb die Information unklar. acceptedAnswers:[""Obwohl"" explanationAr:""جزء يطابق التوقّع ثم يخالفه يحتاج obwohl مع فعل في النهاية: «Obwohl er geschrieben hatte, blieb die Information unklar». weil تعلّل ولا تخالف، و nachdem تُرتّب زمنيًا. فحص ذاتي: هل النتيجة عكس المتوقّع؟"" {id:""b1-05-e","","","","",""
"sheet-6","1095","b1-05-e3","lesson-controlled","B1","b1-05","src/data/lessons-b1-module2.ts","حص ذاتي: هل النتيجة عكس المتوقّع؟"" {id:""b1-05-e3 type:""word-ordering promptAr:""رتب الجملة الرئيسية: words:[""fanden wir ""Trotzdem ""eine Lösung"" acceptedAnswers:[""Trotzdem fanden wir eine Lösung ""Trotzdem fanden wir eine Lösung."" explanationAr:""تrotzdem رابط يفتح جملة رئيسية، فيأتي الفعل قبل الفاعل: «Trotzdem fanden wir eine Lösung». تقديم الفاعل يعطي ترتيب جملة جانبية، وحذف الرابط يترك التناقض معلقًا. فحص ذاتي: هل يصل","","","","",""
"sheet-6","1096","b1-05-e4","lesson-controlled","B1","b1-05","src/data/lessons-b1-module2.ts","ي: هل يصلح الجزء وقوفه وحده جملة؟"" {id:""b1-05-e4 type:""error-correction promptAr:""صحح ترتيب obwohl: sentence:""Obwohl er hatte wenig Zeit, half er. acceptedAnswers:[""Obwohl er wenig Zeit hatte, half er ""Obwohl er wenig Zeit hatte, half er."" explanationAr:""obwohl رابط يفتح جملة جانبية فيبقى فعلها في النهاية: «Obwohl er wenig Zeit hatte, half er». تقديم hatte على الفاعل يعطي بنية سؤال، وحذفه يترك التناقض بلا فعل مُسند. ","","","","",""
"sheet-6","1097","b1-05-e5","lesson-controlled","B1","b1-05","src/data/lessons-b1-module2.ts","ذاتي: هل يصلح الجزء وحده سؤالًا؟"" {id:""b1-05-e5 type:""matching promptAr:""طابق مرحلة الحوار: pairs:[{left:""Beobachtung right:""Die Nachricht kam spät."" {left:""Wirkung right:""Ich war unsicher."" {left:""Bitte right:""Könnten wir direkt schreiben?""} explanationAr:""لكل مرحلة وظيفة في طلب التغيير: الملاحظة تصف ما حدث دون اتهام، والأثر يبيّن النتيجة عليك، ثم الطلب القابل للتنفيذ. قلب الأدوار يحوّل الطلب لومًا، ووصفٌ بلا أثر لا","","","","",""
"sheet-6","1098","b1-05-e6","lesson-controlled","B1","b1-05","src/data/lessons-b1-module2.ts","ًا، ووصفٌ بلا أثر لا يبرّر طلبًا."" {id:""b1-05-e6 type:""multiple-choice promptAr:""اختر اقتراحًا يفتح الحوار: options:[""Wir könnten wichtige Änderungen zusätzlich direkt bestätigen. ""Wir müssen das sofort klären, denn ihr antwortet immer zu spät. ""Das geht so nicht, das ist eindeutig euer Problem. ""Ab heute bestätigt hier niemand mehr irgendetwas, Punkt."" correctIndex: 0,explanationAr:""اقتراح يفتح الحوار يُصاغ بصفة افت","","","","",""
"sheet-6","1099","b1-05-e7","lesson-controlled","B1","b1-05","src/data/lessons-b1-module2.ts","يستطيع المخاطَب أن يقول لا بأدب؟"" {id:""b1-05-e7 type:""fill-blank promptAr:""أكمل الاقتراح: template:""Ich ___ vorschlagen, dass wir den Plan testen. acceptedAnswers:[""würde ""wuerde"" explanationAr:""الافتراضي mit würde يلطّف الاقتراح ويتركه مفتوحًا: «Ich würde vorschlagen, dass wir den Plan testen». صيغة «Ich schlage vor» صحيحة لكن حدّتها أعلى. فحص ذاتي: هل يستطيع المخاطَب أن يقول لا؟""} reading:{titleDe:""Vom Vorwurf zur ","","","","",""
"sheet-6","1100","b1-05-lq1","lesson-listening","B1","b1-05-lq1","src/data/lessons-b1-module2.ts","تراح والقاعدة النهائية. questions:[{id:""b1-05-lq1 promptDe:""Warum fühlt Lea sich unter Druck? promptAr:""لماذا تشعر ليا بالضغط؟ options:[""Nachrichten nach 17 Uhr erzeugten für sie Dringlichkeit. ""Lea fand die Nachrichten inhaltlich unklar. ""Tom schrieb zweimal pro Woche und das war zu viel. ""Die Nachrichten wirken dringend nach ihrer Arbeitszeit."" correctIndex: 3,explanationAr:""تصل بعد وقتها وتبدو عاجلة."" {id:""b1-05-l","","","","",""
"sheet-6","1101","b1-05-lq2","lesson-listening","B1","b1-05-lq2","src/data/lessons-b1-module2.ts","ionAr:""تصل بعد وقتها وتبدو عاجلة."" {id:""b1-05-lq2 promptDe:""Was hatte Tom angenommen? promptAr:""ماذا افترض توم؟ options:[""Tom dachte, Lea antworte erst übermorgen. ""Tom glaubte an eine Zusage. ""Lea antwortet am nächsten Tag. ""Tom erwartete eine Antwort noch am selben Abend."" correctIndex: 2,explanationAr:""ظن أنها ستجيب غدًا."" {id:""b1-05-lq3 promptDe:""Wie lautet die Vereinbarung? promptAr:""ما الاتفاق؟ options:[""Nach 1","","","","",""
"sheet-6","1102","b1-05-lq3","lesson-listening","B1","b1-05-lq3","src/data/lessons-b1-module2.ts","xplanationAr:""ظن أنها ستجيب غدًا."" {id:""b1-05-lq3 promptDe:""Wie lautet die Vereinbarung? promptAr:""ما الاتفاق؟ options:[""Nach 17 Uhr gilt ein Antwortverbot ohne jede Ausnahme. ""Nach 17 Uhr direkt nur bei echten Notfällen. ""Nach 18 Uhr wird erst am Folgetag geantwortet. ""Nur am Wochenende gilt die Regel."" correctIndex:1,explanationAr:""المباشر بعد الخامسة للطوارئ فقط.""}] pronunciation:{titleAr:""نبرة الرسائل التي تبدأ ب","","","","",""
"sheet-6","1103","b1-05-m1","lesson-mini-test","B1","b1-05","src/data/lessons-b1-module2.ts","اضر + مدة + موعد.""} miniTest:[{id:""b1-05-m1 promptDe:""Beobachtung promptAr:""اختر: options:[""Die Datei kam am Freitag. ""Du warst unpünktlich. ""Der Termin war schlecht gewählt. ""Die Datei kam ohne jede Abstimmung."" correctIndex:0,explanationAr:""حدث قابل للتحقق."" {id:""b1-05-m2 promptDe:""obwohl promptAr:""اختر: options:[""Weil er wenig Zeit hatte, dass er half. ""Er half, dass er wenig Zeit hatte. ""Obwohl wenig Zeit, half e","","","","",""
"sheet-6","1104","b1-05-m2","lesson-mini-test","B1","b1-05","src/data/lessons-b1-module2.ts","0,explanationAr:""حدث قابل للتحقق."" {id:""b1-05-m2 promptDe:""obwohl promptAr:""اختر: options:[""Weil er wenig Zeit hatte, dass er half. ""Er half, dass er wenig Zeit hatte. ""Obwohl wenig Zeit, half er sofort. ""Obwohl er wenig Zeit hatte, half er."" correctIndex: 3,explanationAr:""الفعل في نهاية الجملة الفرعية."" {id:""b1-05-m3 promptDe:""trotzdem promptAr:""اختر: options:[""Trotzdem fanden wir eine Lösung. ""Trotzdem wir fanden e","","","","",""
"sheet-6","1105","b1-05-m3","lesson-mini-test","B1","b1-05","src/data/lessons-b1-module2.ts","r:""الفعل في نهاية الجملة الفرعية."" {id:""b1-05-m3 promptDe:""trotzdem promptAr:""اختر: options:[""Trotzdem fanden wir eine Lösung. ""Trotzdem wir fanden eine Lösung. ""Trotzdem eine Lösung wir. ""Wir trotzdem Lösung fanden."" correctIndex:0,explanationAr:""الفعل بعد trotzdem."" {id:""b1-05-m4 promptDe:""Vorschlag promptAr:""اختر: options:[""Wir müssen die Änderung sofort bestätigen. ""Wir könnten direkt bestätigen. ""Bestätige das s","","","","",""
"sheet-6","1106","b1-05-m4","lesson-mini-test","B1","b1-05","src/data/lessons-b1-module2.ts","xplanationAr:""الفعل بعد trotzdem."" {id:""b1-05-m4 promptDe:""Vorschlag promptAr:""اختر: options:[""Wir müssen die Änderung sofort bestätigen. ""Wir könnten direkt bestätigen. ""Bestätige das sofort. ""Du hast die Änderung wieder nicht bestätigt."" correctIndex: 1,explanationAr:""يفتح التفاوض."" {id:""b1-05-m5 promptDe:""Vereinbarung promptAr:""الأفضل: options:[""Ab morgen gilt die neue Regel für immer, ohne weitere Abstimmung. ""Wi","","","","",""
"sheet-6","1107","b1-05-m5","lesson-mini-test","B1","b1-05","src/data/lessons-b1-module2.ts","x: 1,explanationAr:""يفتح التفاوض."" {id:""b1-05-m5 promptDe:""Vereinbarung promptAr:""الأفضل: options:[""Ab morgen gilt die neue Regel für immer, ohne weitere Abstimmung. ""Wir testen die Regel zwei Wochen und prüfen sie Freitag. ""Wir sprechen über die Regel und verschieben alles auf nächsten Monat. ""Die Regel wird getestet, wenn alle zustimmen."" correctIndex: 1,explanationAr:""مدة وموعد مراجعة.""} flashcards:cards(""b1-05 [[","","","","",""
"sheet-6","1108","b1-05-mediation","lesson-mediation","B1","b1-05-mediation","غير محلول آليًا — افتش المعرّف في src","","","","","",""
"sheet-6","1109","b1-05-rq1","lesson-reading","B1","b1-05-rq1","src/data/lessons-b1-module2.ts",":""gesunken ar:""انخفض""} questions:[{id:""b1-05-rq1 promptDe:""Warum verteidigte sich Ben sofort? promptAr:""لماذا دافع بن فورًا؟ options:[""Mara hatte ihn vor dem Team ohne Rückfrage kritisiert. ""Mara fragte nur nach dem konkreten Termin. ""Mara formulierte einen allgemeinen Vorwurf. ""Mara hatte seine Arbeit im Team ausdrücklich gelobt."" correctIndex: 2,explanationAr:""قولها nie حمّله صفة عامة."" {id:""b1-05-rq2 promptDe:""Was","","","","",""
"sheet-6","1110","b1-05-rq2","lesson-reading","B1","b1-05-rq2","src/data/lessons-b1-module2.ts","tionAr:""قولها nie حمّله صفة عامة."" {id:""b1-05-rq2 promptDe:""Was zeigte die Analyse? promptAr:""ماذا أظهر التحليل؟ options:[""Die Nachricht kam zu spät am Abend, deshalb ärgerte sich Ben über den Ton. ""Ben hatte die Nachricht übersehen und gar nicht gelesen. ""Das Team war unzufrieden, weil es zu viele Regeln gab. ""Die Chat-Nachricht war da, aber direkte Bestätigung fehlte."" correctIndex: 3,explanationAr:""الرسائل موجودة ","","","","",""
"sheet-6","1111","b1-05-rq3","lesson-reading","B1","b1-05-rq3","src/data/lessons-b1-module2.ts","دة لكن قناة التأكيد المهمة ناقصة."" {id:""b1-05-rq3 promptDe:""Welche Regel vereinbarte das Team? promptAr:""ما القاعدة المتفق عليها؟ options:[""Nur kunden- oder fristrelevante Änderungen werden direkt bestätigt. ""Alle Änderungen werden ab sofort ohne jede Ausnahme direkt bestätigt. ""Kundenrelevante Änderungen bestätigt man sofort, alle anderen später. ""Das Team bestätigt gar nichts mehr und wartet auf E-Mails."" correctIn","","","","",""
"sheet-6","1112","b1-05-speaking","lesson-speaking","B1","b1-05-speaking","غير محلول آليًا — افتش المعرّف في src","","","","","",""
"sheet-6","1113","b1-05-writing","lesson-writing","B1","b1-05-writing","غير محلول آليًا — افتش المعرّف في src","","","","","",""
"sheet-6","1114","b1-06-e1","lesson-controlled","B1","b1-06","src/data/lessons-b1-module2.ts","استعدادك."" exercises:[{id:""b1-06-e1 type:""multiple-choice promptAr:""أي جزء يوضح ما فعله المتقدم؟ options:[""Situation ""Aufgabe ""Handlung ""allgemeine Eigenschaft"" correctIndex:2,explanationAr:""جزء Handlung يروي أفعالك أنت: priorisiert, verglichen, bestätigt. أما Situation فتصف ما وجدته، و Aufgabe تحدّد ما كان مطلوبًا، والصفة العامة لا تُظهر فعلًا. فحص ذاتي: هل كل سطر يبدأ بفعل لك؟"" {id:""b1-06-e2 type:""fill-blank prompt","","","","",""
"sheet-6","1115","b1-06-e2","lesson-controlled","B1","b1-06","src/data/lessons-b1-module2.ts","فحص ذاتي: هل كل سطر يبدأ بفعل لك؟"" {id:""b1-06-e2 type:""fill-blank promptAr:""أكمل النتيجة: template:""Das ___ war, dass die Veranstaltung pünktlich begann. acceptedAnswers:[""Ergebnis"" explanationAr:""في بناء STAR يأتي Ergebnis ليربط الأفعال بنتيجة مقاسة: «Das Ergebnis war, dass die Veranstaltung pünktlich begann». Handlung تروي ما فُعل فقط، و Situation تهيّئ ولا تُنهي. فحص ذاتي: هل تذكر ما تغيّر فعلًا؟"" {id:""b1-06-e3 ty","","","","",""
"sheet-6","1116","b1-06-e3","lesson-controlled","B1","b1-06","src/data/lessons-b1-module2.ts","فحص ذاتي: هل تذكر ما تغيّر فعلًا؟"" {id:""b1-06-e3 type:""word-ordering promptAr:""رتب الدليل: words:[""Ein Beispiel dafür ""unser letztes Projekt ""ist"" acceptedAnswers:[""Ein Beispiel dafür ist unser letztes Projekt ""Unser letztes Projekt ist ein Beispiel dafür"" explanationAr:""الجملة التي تسوق دليلًا تبدأ بالإشارة ثم المسند: «Ein Beispiel dafür ist unser letztes Projekt». ويصح العكس ما دام المسند في مكانه: «Unser letztes P","","","","",""
"sheet-6","1117","b1-06-e4","lesson-controlled","B1","b1-06","src/data/lessons-b1-module2.ts",". فحص ذاتي: هل يُسأل «ما الدليل»؟"" {id:""b1-06-e4 type:""error-correction promptAr:""حوّل الصفة إلى دليل: sentence:""Ich bin sehr organisiert. acceptedAnswers:[""Ich habe im letzten Projekt mit einer Checkliste alle Fristen eingehalten ""Ich habe im letzten Projekt mit einer Checkliste alle Fristen eingehalten."" explanationAr:""الصفة بلا دليل لا تُختبَر: بدل «Ich bin sehr organisiert» اذكر فعلًا ونتيجة: «Ich habe im letzten","","","","",""
"sheet-6","1118","b1-06-e5","lesson-controlled","B1","b1-06","src/data/lessons-b1-module2.ts","halten». الدليل يقبل سؤال «كيف؟»."" {id:""b1-06-e5 type:""matching promptAr:""طابق STAR: pairs:[{left:""Situation right:""Lieferant fiel aus"" {left:""Handlung right:""drei Anbieter verglichen"" {left:""Ergebnis right:""Termin pünktlich und Budget gehalten""} explanationAr:""أجزاء القصة المهنية لا تتبادل وظائفها: Situation تُخبر بما وقع، و Handlung تروي أفعالك، و Ergebnis يأتي بالنتيجة المقاسة. المزج بينها يحوّل الرواية إلى قائمة ","","","","",""
"sheet-6","1119","b1-06-e6","lesson-controlled","B1","b1-06","src/data/lessons-b1-module2.ts","ذا حدث؟ ماذا فعلت؟ ما الذي تغيّر؟"" {id:""b1-06-e6 type:""multiple-choice promptAr:""اختر سؤالًا مهنيًا جيدًا: options:[""Woran wird Erfolg in den ersten sechs Monaten gemessen? ""Was macht Ihre Firma? وهو مذكور بوضوح ""Bekomme ich sofort Urlaub? ""Ist alles leicht?"" correctIndex: 0,explanationAr:""السؤال المهني يسأل عن معيار قابل للقياس: «Woran wird Erfolg in den ersten sechs Monaten gemessen?». سؤال نشاط الشركة موجود في موق","","","","",""
"sheet-6","1120","b1-06-e7","lesson-controlled","B1","b1-06","src/data/lessons-b1-module2.ts","الطرفين. فحص ذاتي: هل يُجاب برقم؟"" {id:""b1-06-e7 type:""fill-blank promptAr:""أكمل التطور: template:""Daran ___ ich noch. acceptedAnswers:[""arbeite"" explanationAr:""الربط بـ daran يقدّم الضمير على الفعل في جملة رئيسية: «Daran arbeite ich noch». تقديم ich على arbeite يعطي ترتيب جملة جانبية، وحذفه يترك arbeite بلا مرجع. فحص ذاتي: ابدأ بـ «Morgen»؛ هل يبقى الفعل قبل الفاعل؟""} reading:{titleDe:""Eine Antwort, die überzeugt ti","","","","",""
"sheet-6","1121","b1-06-lq1","lesson-listening","B1","b1-06-lq1","src/data/lessons-b1-module2.ts","الافتراضية عما ستغيره. questions:[{id:""b1-06-lq1 promptDe:""Was war das Problem? promptAr:""ما المشكلة؟ options:[""Zu wenige Aufgaben ""Kein Kunde ""Unklare Rollen und doppelte Arbeit ""Zu viel Budget"" correctIndex: 2,explanationAr:""الأدوار غير واضحة والعمل تكرر."" {id:""b1-06-lq2 promptDe:""Welche Maßnahme führte sie ein? promptAr:""ما الإجراء الذي أدخلته؟ options:[""Mehr Meetings ohne Plan ""Eine Aufgabenliste mit Verantwortun","","","","",""
"sheet-6","1122","b1-06-lq2","lesson-listening","B1","b1-06-lq2","src/data/lessons-b1-module2.ts","r:""الأدوار غير واضحة والعمل تكرر."" {id:""b1-06-lq2 promptDe:""Welche Maßnahme führte sie ein? promptAr:""ما الإجراء الذي أدخلته؟ options:[""Mehr Meetings ohne Plan ""Eine Aufgabenliste mit Verantwortung und Frist ""Keine Kommunikation ""Ein neues Gehalt"" correctIndex: 1,explanationAr:""قائمة مهام بمسؤول وموعد."" {id:""b1-06-lq3 promptDe:""Was würde sie heute anders machen? promptAr:""ماذا ستفعل بشكل مختلف اليوم؟ options:[""Rollen","","","","",""
"sheet-6","1123","b1-06-lq3","lesson-listening","B1","b1-06-lq3","src/data/lessons-b1-module2.ts","ationAr:""قائمة مهام بمسؤول وموعد."" {id:""b1-06-lq3 promptDe:""Was würde sie heute anders machen? promptAr:""ماذا ستفعل بشكل مختلف اليوم؟ options:[""Rollen vor dem Start dokumentieren ""Später sprechen ""Aufgaben nicht verteilen ""Das Projekt absagen"" correctIndex: 0,explanationAr:""توثيق الأدوار قبل البداية.""}] pronunciation:{titleAr:""نبر أفعال STAR focus:""Handlungsverben explanationAr:""أبرز الأفعال التي تثبت دورك: ICH VERGL","","","","",""
"sheet-6","1124","b1-06-m1","lesson-mini-test","B1","b1-06","src/data/lessons-b1-module2.ts","جراء + دليل تقدم.""} miniTest:[{id:""b1-06-m1 promptDe:""STAR promptAr:""أي جزء يصف ما فعلته؟ options:[""Situation ""Handlung ""Aufgabe ""Ergebnis فقط"" correctIndex: 1,explanationAr:""Handlung."" {id:""b1-06-m2 promptDe:""Beleg promptAr:""اختر: options:[""Ich bin organisiert. ""Organisation ist gut. ""Ich koordinierte fünf Termine und hielt alle Fristen ein. ""Alle sagen das."" correctIndex: 2,explanationAr:""فعل ونتيجة."" {id:""b1-06-m3","","","","",""
"sheet-6","1125","b1-06-m2","lesson-mini-test","B1","b1-06","src/data/lessons-b1-module2.ts","Index: 1,explanationAr:""Handlung."" {id:""b1-06-m2 promptDe:""Beleg promptAr:""اختر: options:[""Ich bin organisiert. ""Organisation ist gut. ""Ich koordinierte fünf Termine und hielt alle Fristen ein. ""Alle sagen das."" correctIndex: 2,explanationAr:""فعل ونتيجة."" {id:""b1-06-m3 promptDe:""Ergebnis promptAr:""اختر: options:[""Der Lieferant fiel aus. ""Ich musste Ersatz finden. ""Ich verglich Anbieter. ""Der Termin blieb pünktlich un","","","","",""
"sheet-6","1126","b1-06-m3","lesson-mini-test","B1","b1-06","src/data/lessons-b1-module2.ts","dex: 2,explanationAr:""فعل ونتيجة."" {id:""b1-06-m3 promptDe:""Ergebnis promptAr:""اختر: options:[""Der Lieferant fiel aus. ""Ich musste Ersatz finden. ""Ich verglich Anbieter. ""Der Termin blieb pünktlich und im Budget."" correctIndex:3,explanationAr:""هذه النتيجة."" {id:""b1-06-m4 promptDe:""Entwicklungsfeld promptAr:""الأفضل: options:[""Spontane Präsentationen sind schwierig; ich übe wöchentlich. ""Ich habe keine Schwächen. ""Perfe","","","","",""
"sheet-6","1127","b1-06-m4","lesson-mini-test","B1","b1-06","src/data/lessons-b1-module2.ts","dex:3,explanationAr:""هذه النتيجة."" {id:""b1-06-m4 promptDe:""Entwicklungsfeld promptAr:""الأفضل: options:[""Spontane Präsentationen sind schwierig; ich übe wöchentlich. ""Ich habe keine Schwächen. ""Perfektionismus فقط. ""Alles ist schwierig."" correctIndex: 0,explanationAr:""جانب وإجراء."" {id:""b1-06-m5 promptDe:""Rückfrage promptAr:""اختر: options:[""Woran wird Erfolg gemessen? ""Was macht die Firma? وهو واضح ""Ist die Arbeit lei","","","","",""
"sheet-6","1128","b1-06-m5","lesson-mini-test","B1","b1-06","src/data/lessons-b1-module2.ts","ex: 0,explanationAr:""جانب وإجراء."" {id:""b1-06-m5 promptDe:""Rückfrage promptAr:""اختر: options:[""Woran wird Erfolg gemessen? ""Was macht die Firma? وهو واضح ""Ist die Arbeit leicht? ""Bekomme ich sicher die Stelle?"" correctIndex:0,explanationAr:""سؤال مهني مفيد.""} flashcards:cards(""b1-06 [[""eine konkrete Situation ""موقف محدد ""Ich beschreibe eine konkrete Situation."" [""meine Aufgabe bestand darin … ""كانت مهمتي… ""Meine Aufga","","","","",""
"sheet-6","1129","b1-06-mediation","lesson-mediation","B1","b1-06-mediation","غير محلول آليًا — افتش المعرّف في src","","","","","",""
"sheet-6","1130","b1-06-rq1","lesson-reading","B1","b1-06-rq1","src/data/lessons-b1-module2.ts","rzubereiten ar:""يحضر""} questions:[{id:""b1-06-rq1 promptDe:""Warum war die erste Antwort schwächer? promptAr:""لماذا كان الجواب الأول أضعف؟ options:[""Er war zu lang. ""Er nannte Eigenschaften ohne Beleg. ""Er enthielt kein Deutsch. ""Er stellte zu viele Fragen."" correctIndex:1,explanationAr:""صفات دون مثال أو نتيجة."" {id:""b1-06-rq2 promptDe:""Welche Handlung gehörte zum zweiten Beispiel? promptAr:""أي فعل ضمن المثال الثاني؟ o","","","","",""
"sheet-6","1131","b1-06-rq2","lesson-reading","B1","b1-06-rq2","src/data/lessons-b1-module2.ts","nationAr:""صفات دون مثال أو نتيجة."" {id:""b1-06-rq2 promptDe:""Welche Handlung gehörte zum zweiten Beispiel? promptAr:""أي فعل ضمن المثال الثاني؟ options:[""Den Termin absagen ""Das Budget ignorieren ""Drei Anbieter vergleichen ""Die Geschichte auswendig lernen"" correctIndex: 2,explanationAr:""قارنت ثلاثة مزودين."" {id:""b1-06-rq3 promptDe:""Was empfiehlt die Trainerin? promptAr:""بماذا تنصح المدربة؟ options:[""Alle Antworten ausw","","","","",""
"sheet-6","1132","b1-06-rq3","lesson-reading","B1","b1-06-rq3","src/data/lessons-b1-module2.ts","xplanationAr:""قارنت ثلاثة مزودين."" {id:""b1-06-rq3 promptDe:""Was empfiehlt die Trainerin? promptAr:""بماذا تنصح المدربة؟ options:[""Alle Antworten auswendig lernen ""Nur Eigenschaften nennen ""Dramatische Geschichten erfinden ""Drei eigene Beispiele vorbereiten, aber flexibel erzählen"" correctIndex: 3,explanationAr:""تحضير أمثلة دون حفظ حرفي.""}] listening:{titleDe:""Eine Frage zur Zusammenarbeit titleAr:""سؤال عن التعاون tran","","","","",""
"sheet-6","1133","b1-06-speaking","lesson-speaking","B1","b1-06-speaking","غير محلول آليًا — افتش المعرّف في src","","","","","",""
"sheet-6","1134","b1-06-writing","lesson-writing","B1","b1-06-writing","غير محلول آليًا — افتش المعرّف في src","","","","","",""
"sheet-6","1135","b1-07-e1","lesson-controlled","B1","b1-07","src/data/lessons-b1-module3.ts","ير الحياة."" exercises:[{id:""b1-07-e1 type:""multiple-choice promptAr:""اختر ترتيب während: options:[""Die Stadt ist lebendig, während ist das Land ruhig. ""Die Stadt ist lebendig, während das Land ruhiger ist. ""Während das Land ist ruhig, die Stadt lebendig. ""Die Stadt während Land ruhig."" correctIndex: 1,explanationAr:""während تُقابل بين حالتين وتأتي بفعلها في نهاية الجزء: «…, während das Land ruhiger ist». تقديم ist عل","","","","",""
"sheet-6","1136","b1-07-e2","lesson-controlled","B1","b1-07","src/data/lessons-b1-module3.ts","ص ذاتي: هل الحالتان في زمان واحد؟"" {id:""b1-07-e2 type:""fill-blank promptAr:""أكمل العلاقة: template:""Je weiter der Weg ist, ___ länger dauert die Fahrt. acceptedAnswers:[""desto ""umso"" explanationAr:""المقارنة المتوازية تربط مقدارين: je مع صيغة، ثم desto أو umso مع ما يقابله، ويذهب الفعل إلى نهاية الجزء المسند. رابط آخر لا يفتح المقابلة فيبقى الجزء معلقًا. فحص ذاتي: هل بعد je صيغة مقارنة؟"" {id:""b1-07-e3 type:""word-order","","","","",""
"sheet-6","1137","b1-07-e3","lesson-controlled","B1","b1-07","src/data/lessons-b1-module3.ts","فحص ذاتي: هل بعد je صيغة مقارنة؟"" {id:""b1-07-e3 type:""word-ordering promptAr:""رتب جزء je: words:[""Je besser ""die Verbindung ""ist"" acceptedAnswers:[""Je besser die Verbindung ist"" explanationAr:""في بناء je … desto يبدأ جزء je بصفحته ويذهب فعله إلى النهاية: «Je besser die Verbindung ist». تقديم ist على نهاية الجزء يترك البنية بلا مسند، ثم يأتي desto مع الصفة المقابلة. فحص ذاتي: هل ينتهي كل جزء بفعله؟"" {id:""b1-07-e4 type","","","","",""
"sheet-6","1138","b1-07-e4","lesson-controlled","B1","b1-07","src/data/lessons-b1-module3.ts","فحص ذاتي: هل ينتهي كل جزء بفعله؟"" {id:""b1-07-e4 type:""error-correction promptAr:""صحح جزء desto: sentence:""Je höher die Miete ist, desto die Wohnung kleiner ist. acceptedAnswers:[""Je höher die Miete ist, desto kleiner ist die Wohnung ""Je höher die Miete ist, desto kleiner ist die Wohnung."" explanationAr:""بعد desto تأتي صيغة المقارنة ثم الفعل مباشرة: «desto kleiner ist die Wohnung». تكرار ist في نهاية الجزء أو إبقاء تر","","","","",""
"sheet-6","1139","b1-07-e5","lesson-controlled","B1","b1-07","src/data/lessons-b1-module3.ts","يتساوى الجزءان في العدد والترتيب؟"" {id:""b1-07-e5 type:""matching promptAr:""طابق المعيار بالسؤال: pairs:[{left:""Wohnkosten right:""Was kann ich monatlich zahlen?"" {left:""Mobilität right:""Wie lange dauert der Arbeitsweg?"" {left:""Lebensqualität right:""Welche Umgebung brauche ich täglich?""} explanationAr:""المعيار يصير قرارًا بسؤال مقيد: Wohnkosten مع «Was kann ich monatlich zahlen?»، و Mobilität مع مدة الطريق، و Lebensqual","","","","",""
"sheet-6","1140","b1-07-e6","lesson-controlled","B1","b1-07","src/data/lessons-b1-module3.ts","ًا. فحص ذاتي: هل تقيسه هذا الشهر؟"" {id:""b1-07-e6 type:""multiple-choice promptAr:""اختر رأيًا مشروطًا: options:[""Für meine aktuelle Situation ist die Stadt praktischer, weil ich kein Auto habe. ""Das Land ist für alle besser. ""Stadtmenschen sind immer gestresst. ""Auf dem Land ist alles ruhig."" correctIndex: 0,explanationAr:""الرأي المشروط يربط الحكم بحال ويسوّغها: «für meine aktuelle Situation … weil ich kein Auto habe».","","","","",""
"sheet-6","1141","b1-07-e7","lesson-controlled","B1","b1-07","src/data/lessons-b1-module3.ts","هل يمكنك ذكر حالة يسقط فيها رأيك؟"" {id:""b1-07-e7 type:""fill-blank promptAr:""أكمل المقابلة: template:""Die Miete ist niedriger; ___ ist der Weg länger. acceptedAnswers:[""dafür ""Dafür"" explanationAr:""المقابلة بين ميزتين تُربط بـ dafür: «Die Miete ist niedriger; dafür ist der Weg länger». weil تُعلّل ولا تُقابل، و und تجمع دون مقابل، و aber تعارض عام لا يوازن بين مقدارين. فحص ذاتي: هل لكل نصف ما يقابله؟""} reading:{titleD","","","","",""
"sheet-6","1142","b1-07-lq1","lesson-listening","B1","b1-07-lq1","src/data/lessons-b1-module3.ts","البقاء والخطة البديلة. questions:[{id:""b1-07-lq1 promptDe:""Was ist der größte Nachteil? promptAr:""ما العيب الأكبر؟ options:[""Die Wohnung ist klein. ""Die Kinder haben keine Freunde. ""Die Miete ist hoch auf dem Land. ""Der tägliche Arbeitsweg dauert fast zwei Stunden."" correctIndex: 3,explanationAr:""التنقل اليومي طويل."" {id:""b1-07-lq2 promptDe:""Warum bleibt die Familie gern dort? promptAr:""لماذا تفضل الأسرة البقاء؟ opti","","","","",""
"sheet-6","1143","b1-07-lq2","lesson-listening","B1","b1-07-lq2","src/data/lessons-b1-module3.ts","xplanationAr:""التنقل اليومي طويل."" {id:""b1-07-lq2 promptDe:""Warum bleibt die Familie gern dort? promptAr:""لماذا تفضل الأسرة البقاء؟ options:[""Große günstige Wohnung und soziale Kontakte ""Nähe zur Arbeit ""Mehr Nachtleben ""Keine Züge"" correctIndex: 0,explanationAr:""المسكن والأصدقاء والراحة."" {id:""b1-07-lq3 promptDe:""Unter welcher Bedingung bleibt das Land sinnvoll? promptAr:""بأي شرط يبقى الريف مناسبًا؟ options:[""Wenn d","","","","",""
"sheet-6","1144","b1-07-lq3","lesson-listening","B1","b1-07-lq3","src/data/lessons-b1-module3.ts","tionAr:""المسكن والأصدقاء والراحة."" {id:""b1-07-lq3 promptDe:""Unter welcher Bedingung bleibt das Land sinnvoll? promptAr:""بأي شرط يبقى الريف مناسبًا؟ options:[""Wenn die Miete steigt ""Wenn die Kinder umziehen ""Wenn er täglich länger fährt ""Wenn Nabil zwei Homeoffice-Tage bekommt"" correctIndex: 3,explanationAr:""يومان عمل من المنزل.""}] pronunciation:{titleAr:""إيقاع je … desto focus:""Vergleichspaar explanationAr:""ارفع النب","","","","",""
"sheet-6","1145","b1-07-m1","lesson-mini-test","B1","b1-07","src/data/lessons-b1-module3.ts","/ oft / hängt ab.""} miniTest:[{id:""b1-07-m1 promptDe:""während promptAr:""اختر: options:[""während ist das Land ruhig ""während das Land ist ruhig ""während das Land ruhig ist ""während ruhig das Land"" correctIndex: 2,explanationAr:""الفعل في النهاية."" {id:""b1-07-m2 promptDe:""je … desto promptAr:""اختر: options:[""Je weiter ist der Weg, desto er länger dauert. ""Je der Weg weiter, desto dauert länger. ""Weiter je, länger desto.","","","","",""
"sheet-6","1146","b1-07-m2","lesson-mini-test","B1","b1-07","src/data/lessons-b1-module3.ts",",explanationAr:""الفعل في النهاية."" {id:""b1-07-m2 promptDe:""je … desto promptAr:""اختر: options:[""Je weiter ist der Weg, desto er länger dauert. ""Je der Weg weiter, desto dauert länger. ""Weiter je, länger desto. ""Je weiter der Weg ist, desto länger dauert er."" correctIndex: 3,explanationAr:""ترتيب صحيح."" {id:""b1-07-m3 promptDe:""Kontrast promptAr:""اختر: options:[""Die Miete ist niedriger; dafür ist der Weg länger. ""Die Mi","","","","",""
"sheet-6","1147","b1-07-m3","lesson-mini-test","B1","b1-07","src/data/lessons-b1-module3.ts","dex: 3,explanationAr:""ترتيب صحيح."" {id:""b1-07-m3 promptDe:""Kontrast promptAr:""اختر: options:[""Die Miete ist niedriger; dafür ist der Weg länger. ""Die Miete niedriger während Weg. ""Dafür der Weg länger ist. ""Niedriger als dafür."" correctIndex:0,explanationAr:""dafür في الخانة الأولى والفعل ثانيًا."" {id:""b1-07-m4 promptDe:""Differenziert promptAr:""اختر: options:[""الريف أفضل للجميع. ""كل سكان المدن متوترون. ""القرية دائمًا ","","","","",""
"sheet-6","1148","b1-07-m4","lesson-mini-test","B1","b1-07","src/data/lessons-b1-module3.ts","r في الخانة الأولى والفعل ثانيًا."" {id:""b1-07-m4 promptDe:""Differenziert promptAr:""اختر: options:[""الريف أفضل للجميع. ""كل سكان المدن متوترون. ""القرية دائمًا رخيصة. ""Für Familien kann mehr Platz wichtiger sein."" correctIndex: 3,explanationAr:""صياغة محددة وغير مطلقة."" {id:""b1-07-m5 promptDe:""Bedingung promptAr:""اختر: options:[""Wenn der Zug regelmäßig fährt, würde ich dort wohnen. ""Wenn regelmäßig der Zug fährt würde do","","","","",""
"sheet-6","1149","b1-07-m5","lesson-mini-test","B1","b1-07","src/data/lessons-b1-module3.ts","nationAr:""صياغة محددة وغير مطلقة."" {id:""b1-07-m5 promptDe:""Bedingung promptAr:""اختر: options:[""Wenn der Zug regelmäßig fährt, würde ich dort wohnen. ""Wenn regelmäßig der Zug fährt würde dort ich. ""Ich dort wenn wohnen Zug. ""Wenn Zug, wohnen würde."" correctIndex:0,explanationAr:""شرط وقرار افتراضي.""} flashcards:cards(""b1-07 [[""das Stadtleben ""الحياة في المدينة ""Das Stadtleben bietet viele Möglichkeiten."" [""das Landlebe","","","","",""
"sheet-6","1150","b1-07-mediation","lesson-mediation","B1","b1-07-mediation","غير محلول آليًا — افتش المعرّف في src","","","","","",""
"sheet-6","1151","b1-07-rq1","lesson-reading","B1","b1-07-rq1","src/data/lessons-b1-module3.ts","phase ar:""مرحلة حياة""} questions:[{id:""b1-07-rq1 promptDe:""Was hatte Jana unterschätzt? promptAr:""ما الذي قللت يانا من شأنه؟ options:[""Die Miete ""Den Garten ""Das Homeoffice ""Die Verkehrsanbindung"" correctIndex: 3,explanationAr:""النقل والحافلة والمحطة."" {id:""b1-07-rq2 promptDe:""Welche Vorteile hatte das Dorf? promptAr:""ما مزايا القرية؟ options:[""Mehr Kultur und Nachtbusse ""Kürzerer Weg zu Freunden ""Niedrigere Miete, N","","","","",""
"sheet-6","1152","b1-07-rq2","lesson-reading","B1","b1-07-rq2","src/data/lessons-b1-module3.ts","nationAr:""النقل والحافلة والمحطة."" {id:""b1-07-rq2 promptDe:""Welche Vorteile hatte das Dorf? promptAr:""ما مزايا القرية؟ options:[""Mehr Kultur und Nachtbusse ""Kürzerer Weg zu Freunden ""Niedrigere Miete, Natur, besserer Schlaf ""Kein Wetter"" correctIndex: 2,explanationAr:""تكلفة أقل وطبيعة وتركيز ونوم."" {id:""b1-07-rq3 promptDe:""Warum wählte sie eine kleinere Stadt? promptAr:""لماذا اختارت مدينة صغيرة؟ options:[""Weil sie nu","","","","",""
"sheet-6","1153","b1-07-rq3","lesson-reading","B1","b1-07-rq3","src/data/lessons-b1-module3.ts","Ar:""تكلفة أقل وطبيعة وتركيز ونوم."" {id:""b1-07-rq3 promptDe:""Warum wählte sie eine kleinere Stadt? promptAr:""لماذا اختارت مدينة صغيرة؟ options:[""Weil sie nur das Stadtleben mochte. ""Als Kompromiss aus Natur, Verbindung und Nähe. ""Weil das Dorf teurer war. ""Weil sie ein Auto kaufen wollte."" correctIndex:1,explanationAr:""حل وسط وفق أولوياتها.""}] listening:{titleDe:""Pendeln oder umziehen? titleAr:""التنقل أم الانتقال؟ tra","","","","",""
"sheet-6","1154","b1-07-speaking","lesson-speaking","B1","b1-07-speaking","غير محلول آليًا — افتش المعرّف في src","","","","","",""
"sheet-6","1155","b1-07-writing","lesson-writing","B1","b1-07-writing","غير محلول آليًا — افتش المعرّف في src","","","","","",""
"sheet-6","1156","b1-08-e1","lesson-controlled","B1","b1-08","src/data/case-teaching-registry.ts","Ids:[""b1-08-t1"" controlledExerciseIds:[""b1-08-e1 ""b1-08-e2 ""b1-08-e3 ""b1-08-e4 ""b1-08-e7"" assessmentIds:[""b1-08-m1 ""b1-08-m2 ""b1-08-m3""]}), contract({lessonId:""b1-13 titleDe:""Mittel des Fortschritts titleAr:""حدد الوسيلة التي أحدثت التقدم semanticQuestionAr:""بأي وسيلة أو ممارسة حدث التغير؟ roleChoicesAr:[""الوسيلة أو السبب المباشر بعد durch ""النتيجة التي نلاحظها"" governedCases:[""accusative"" formRuleAr:""الوسيلة بعد durc","","","","",""
"sheet-6","1157","b1-08-e2","lesson-controlled","B1","b1-08","src/data/case-teaching-registry.ts","-t1"" controlledExerciseIds:[""b1-08-e1 ""b1-08-e2 ""b1-08-e3 ""b1-08-e4 ""b1-08-e7"" assessmentIds:[""b1-08-m1 ""b1-08-m2 ""b1-08-m3""]}), contract({lessonId:""b1-13 titleDe:""Mittel des Fortschritts titleAr:""حدد الوسيلة التي أحدثت التقدم semanticQuestionAr:""بأي وسيلة أو ممارسة حدث التغير؟ roleChoicesAr:[""الوسيلة أو السبب المباشر بعد durch ""النتيجة التي نلاحظها"" governedCases:[""accusative"" formRuleAr:""الوسيلة بعد durch تأتي في A","","","","",""
"sheet-6","1158","b1-08-e3","lesson-controlled","B1","b1-08","src/data/case-teaching-registry.ts","olledExerciseIds:[""b1-08-e1 ""b1-08-e2 ""b1-08-e3 ""b1-08-e4 ""b1-08-e7"" assessmentIds:[""b1-08-m1 ""b1-08-m2 ""b1-08-m3""]}), contract({lessonId:""b1-13 titleDe:""Mittel des Fortschritts titleAr:""حدد الوسيلة التي أحدثت التقدم semanticQuestionAr:""بأي وسيلة أو ممارسة حدث التغير؟ roleChoicesAr:[""الوسيلة أو السبب المباشر بعد durch ""النتيجة التي نلاحظها"" governedCases:[""accusative"" formRuleAr:""الوسيلة بعد durch تأتي في Akkusativ؛ ","","","","",""
"sheet-6","1159","b1-08-e4","lesson-controlled","B1","b1-08","src/data/case-teaching-registry.ts","seIds:[""b1-08-e1 ""b1-08-e2 ""b1-08-e3 ""b1-08-e4 ""b1-08-e7"" assessmentIds:[""b1-08-m1 ""b1-08-m2 ""b1-08-m3""]}), contract({lessonId:""b1-13 titleDe:""Mittel des Fortschritts titleAr:""حدد الوسيلة التي أحدثت التقدم semanticQuestionAr:""بأي وسيلة أو ممارسة حدث التغير؟ roleChoicesAr:[""الوسيلة أو السبب المباشر بعد durch ""النتيجة التي نلاحظها"" governedCases:[""accusative"" formRuleAr:""الوسيلة بعد durch تأتي في Akkusativ؛ بعد فهم الع","","","","",""
"sheet-6","1160","b1-08-e5","lesson-controlled","B1","b1-08","src/data/lessons-b1-module3.ts","ى تجعلها مكتوبًا إليها لا كاتبًا."" {id:""b1-08-e5 type:""matching promptAr:""طابق عنصر التوثيق: pairs:[{left:""Beginn right:""seit dem 12. Januar"" {left:""Beleg right:""Fotos und Messung"" {left:""Kontakt right:""Anruf am 13. Januar""} explanationAr:""ملف المشكلة يربط الدليل بزمانه: Beginn مع «seit dem 12. Januar»، و Beleg مع الصور والقياس، و Kontakt مع مكالمة 13. Januar. مزج الأدلة بالتواريخ يضيع التسلسل. فحص ذاتي: هل لكل تاريخ","","","","",""
"sheet-6","1161","b1-08-e6","lesson-controlled","B1","b1-08","src/data/lessons-b1-module3.ts","ل لكل تاريخ مستند واحد على الأقل؟"" {id:""b1-08-e6 type:""multiple-choice promptAr:""اختر طلبًا عمليًا: options:[""Alles sofort oder Anzeige! ""Sie sind immer schlecht. ""Ich kenne alle Gesetze sicher. ""Bitte lassen Sie die Heizung prüfen und teilen Sie mir bis Freitag einen Termin mit."" correctIndex: 3,explanationAr:""الطلب العملي يسمّي الإجراء وموعد الرد بلا ادعاء قانوني: «Bitte lassen Sie die Heizung prüfen und teilen Sie","","","","",""
"sheet-6","1162","b1-08-e7","lesson-controlled","B1","b1-08","src/data/case-teaching-registry.ts","08-e1 ""b1-08-e2 ""b1-08-e3 ""b1-08-e4 ""b1-08-e7"" assessmentIds:[""b1-08-m1 ""b1-08-m2 ""b1-08-m3""]}), contract({lessonId:""b1-13 titleDe:""Mittel des Fortschritts titleAr:""حدد الوسيلة التي أحدثت التقدم semanticQuestionAr:""بأي وسيلة أو ممارسة حدث التغير؟ roleChoicesAr:[""الوسيلة أو السبب المباشر بعد durch ""النتيجة التي نلاحظها"" governedCases:[""accusative"" formRuleAr:""الوسيلة بعد durch تأتي في Akkusativ؛ بعد فهم العلاقة افحص e","","","","",""
"sheet-6","1163","b1-08-lq1","lesson-listening","B1","b1-08-lq1","src/data/lessons-b1-module3.ts","لتعليمات حتى ذلك الحين. questions:[{id:""b1-08-lq1 promptDe:""Wann beginnt das Geräusch meistens? promptAr:""متى يبدأ الضجيج غالبًا؟ options:[""Um 20 Uhr ""Gegen Mitternacht ""Gegen zwei Uhr ""Am Morgen"" correctIndex:2,explanationAr:""قرابة الثانية ليلًا."" {id:""b1-08-lq2 promptDe:""Wie oft wurde es dokumentiert? promptAr:""كم مرة وُثق؟ options:[""Zweimal ""Dreimal ""Zwanzigmal ""Sechsmal"" correctIndex: 3,explanationAr:""ست مرات."" {","","","","",""
"sheet-6","1164","b1-08-lq2","lesson-listening","B1","b1-08-lq2","src/data/lessons-b1-module3.ts","planationAr:""قرابة الثانية ليلًا."" {id:""b1-08-lq2 promptDe:""Wie oft wurde es dokumentiert? promptAr:""كم مرة وُثق؟ options:[""Zweimal ""Dreimal ""Zwanzigmal ""Sechsmal"" correctIndex: 3,explanationAr:""ست مرات."" {id:""b1-08-lq3 promptDe:""Was soll vor Donnerstag geschehen, wenn es wieder laut wird? promptAr:""ماذا يفعل قبل الخميس إذا تكرر؟ options:[""Eine Nachricht mit Uhrzeit schicken ""Sofort ausziehen ""Die Firma selbst bezahl","","","","",""
"sheet-6","1165","b1-08-lq3","lesson-listening","B1","b1-08-lq3","src/data/lessons-b1-module3.ts","tIndex: 3,explanationAr:""ست مرات."" {id:""b1-08-lq3 promptDe:""Was soll vor Donnerstag geschehen, wenn es wieder laut wird? promptAr:""ماذا يفعل قبل الخميس إذا تكرر؟ options:[""Eine Nachricht mit Uhrzeit schicken ""Sofort ausziehen ""Die Firma selbst bezahlen ""Nichts dokumentieren"" correctIndex: 0,explanationAr:""رسالة قصيرة مع الوقت.""}] pronunciation:{titleAr:""الفاصلة في Relativsatz focus:""Bezugswort–Relativsatz explanation","","","","",""
"sheet-6","1166","b1-08-m1","lesson-mini-test","B1","b1-08","src/data/case-teaching-registry.ts","""b1-08-e4 ""b1-08-e7"" assessmentIds:[""b1-08-m1 ""b1-08-m2 ""b1-08-m3""]}), contract({lessonId:""b1-13 titleDe:""Mittel des Fortschritts titleAr:""حدد الوسيلة التي أحدثت التقدم semanticQuestionAr:""بأي وسيلة أو ممارسة حدث التغير؟ roleChoicesAr:[""الوسيلة أو السبب المباشر بعد durch ""النتيجة التي نلاحظها"" governedCases:[""accusative"" formRuleAr:""الوسيلة بعد durch تأتي في Akkusativ؛ بعد فهم العلاقة افحص einen/eine/ein أو الضمير ال","","","","",""
"sheet-6","1167","b1-08-m2","lesson-mini-test","B1","b1-08","src/data/case-teaching-registry.ts","""b1-08-e7"" assessmentIds:[""b1-08-m1 ""b1-08-m2 ""b1-08-m3""]}), contract({lessonId:""b1-13 titleDe:""Mittel des Fortschritts titleAr:""حدد الوسيلة التي أحدثت التقدم semanticQuestionAr:""بأي وسيلة أو ممارسة حدث التغير؟ roleChoicesAr:[""الوسيلة أو السبب المباشر بعد durch ""النتيجة التي نلاحظها"" governedCases:[""accusative"" formRuleAr:""الوسيلة بعد durch تأتي في Akkusativ؛ بعد فهم العلاقة افحص einen/eine/ein أو الضمير المناسب. the","","","","",""
"sheet-6","1168","b1-08-m3","lesson-mini-test","B1","b1-08","src/data/case-teaching-registry.ts",""" assessmentIds:[""b1-08-m1 ""b1-08-m2 ""b1-08-m3""]}), contract({lessonId:""b1-13 titleDe:""Mittel des Fortschritts titleAr:""حدد الوسيلة التي أحدثت التقدم semanticQuestionAr:""بأي وسيلة أو ممارسة حدث التغير؟ roleChoicesAr:[""الوسيلة أو السبب المباشر بعد durch ""النتيجة التي نلاحظها"" governedCases:[""accusative"" formRuleAr:""الوسيلة بعد durch تأتي في Akkusativ؛ بعد فهم العلاقة افحص einen/eine/ein أو الضمير المناسب. theoryIds:[""","","","","",""
"sheet-6","1169","b1-08-m4","lesson-mini-test","B1","b1-08","src/data/lessons-b1-module3.ts","1,explanationAr:""Dativ مؤنث: der."" {id:""b1-08-m4 promptDe:""Dokumentation promptAr:""الأقوى: options:[""seit Montag zweimal, morgens 15 Grad ""immer kalt ""sehr schlecht فقط ""كارثة"" correctIndex: 0,explanationAr:""محدد وقابل للتحقق."" {id:""b1-08-m5 promptDe:""Reparaturbitte promptAr:""اختر: options:[""Alles sofort! ""Sie kennen das Gesetz sicher. ""Keine Details nötig. ""Bitte teilen Sie mir bis Freitag einen Termin mit."" correct","","","","",""
"sheet-6","1170","b1-08-m5","lesson-mini-test","B1","b1-08","src/data/lessons-b1-module3.ts","explanationAr:""محدد وقابل للتحقق."" {id:""b1-08-m5 promptDe:""Reparaturbitte promptAr:""اختر: options:[""Alles sofort! ""Sie kennen das Gesetz sicher. ""Keine Details nötig. ""Bitte teilen Sie mir bis Freitag einen Termin mit."" correctIndex: 3,explanationAr:""طلب وموعد رد.""} flashcards:cards(""b1-08 [[""der Mangel ""العيب ""Ich melde einen Mangel."" [""den Schaden dokumentieren ""يوثق الضرر ""Bitte dokumentieren Sie den Schaden."" [""s","","","","",""
"sheet-6","1171","b1-08-mediation","lesson-mediation","B1","b1-08-mediation","غير محلول آليًا — افتش المعرّف في src","","","","","",""
"sheet-6","1172","b1-08-rq1","lesson-reading","B1","b1-08-rq1","src/data/lessons-b1-module3.ts",":""Eingang ar:""استلام""} questions:[{id:""b1-08-rq1 promptDe:""Was wurde beim ersten Mal repariert? promptAr:""ما الذي أُصلح أول مرة؟ options:[""Das Fenster ""Die Wasserleitung ""Ein Ventil ""Der Aufzug"" correctIndex: 2,explanationAr:""صمام التدفئة."" {id:""b1-08-rq2 promptDe:""Welche Belege sammelte Sara? promptAr:""ما الأدلة التي جمعتها؟ options:[""Nur eine Erinnerung ""Temperaturen, Fotos und Kontakte ""Ein Video der Nachbarn ""Ein","","","","",""
"sheet-6","1173","b1-08-rq2","lesson-reading","B1","b1-08-rq2","src/data/lessons-b1-module3.ts","x: 2,explanationAr:""صمام التدفئة."" {id:""b1-08-rq2 promptDe:""Welche Belege sammelte Sara? promptAr:""ما الأدلة التي جمعتها؟ options:[""Nur eine Erinnerung ""Temperaturen, Fotos und Kontakte ""Ein Video der Nachbarn ""Einen neuen Vertrag"" correctIndex:1,explanationAr:""قياسات وصور وسجل اتصالات."" {id:""b1-08-rq3 promptDe:""Was verlangte sie nicht ohne Beratung? promptAr:""ما الذي لم تفعله دون استشارة؟ options:[""Eine Terminbestät","","","","",""
"sheet-6","1174","b1-08-rq3","lesson-reading","B1","b1-08-rq3","src/data/lessons-b1-module3.ts","tionAr:""قياسات وصور وسجل اتصالات."" {id:""b1-08-rq3 promptDe:""Was verlangte sie nicht ohne Beratung? promptAr:""ما الذي لم تفعله دون استشارة؟ options:[""Eine Terminbestätigung ""Eine schnellere Prüfung ""Rechtliche Forderungen ""Eine Übergangslösung"" correctIndex:2,explanationAr:""لم تصغ مطالب قانونية بلا رأي مختص.""}] listening:{titleDe:""Lärmprotokoll und Lösung titleAr:""سجل ضجيج وحل transcriptDe:""Mieter: Seit drei Wochen gi","","","","",""
"sheet-6","1175","b1-08-speaking","lesson-speaking","B1","b1-08-speaking","غير محلول آليًا — افتش المعرّف في src","","","","","",""
"sheet-6","1176","b1-08-writing","lesson-writing","B1","b1-08-writing","غير محلول آليًا — افتش المعرّف في src","","","","","",""
"sheet-6","1177","b1-09-e1","lesson-controlled","B1","b1-09","src/data/lessons-b1-module3.ts","أو نتوقف؟"" exercises:[{id:""b1-09-e1 type:""multiple-choice promptAr:""اختر indem الصحيح: options:[""Wir erhöhen, indem schützen wir den Radweg. ""Wir erhöhen die Sicherheit, indem wir den Radweg schützen. ""Indem wir schützen Radweg, Sicherheit. ""Wir indem Radweg geschützt."" correctIndex: 1,explanationAr:""indem تربط الوسيلة بفعلها في نهاية الجملة الجانبية: «…, indem wir den Radweg schützen». تقديم الفعل بعد indem يجعلها ج","","","","",""
"sheet-6","1178","b1-09-e2","lesson-controlled","B1","b1-09","src/data/lessons-b1-module3.ts","ا. فحص ذاتي: أين الفعل بعد indem؟"" {id:""b1-09-e2 type:""fill-blank promptAr:""أكمل الطريقة: template:""Wir reduzieren Lärm, ___ wir den Verkehr begrenzen. acceptedAnswers:[""indem"" explanationAr:""الوسيلة تُربط بـ indem مع فاعل ينفّذها: «Wir reduzieren Lärm, indem wir den Verkehr begrenzen»، ويبقى الفعل في نهاية الجزء المسند. weil تُعلّل سببًا لا وسيلة. فحص ذاتي: هل يجيب الجزء عن «بأي وسيلة»؟"" {id:""b1-09-e3 type:""word-ord","","","","",""
"sheet-6","1179","b1-09-e3","lesson-controlled","B1","b1-09","src/data/lessons-b1-module3.ts","تي: هل يجيب الجزء عن «بأي وسيلة»؟"" {id:""b1-09-e3 type:""word-ordering promptAr:""رتب الجملة الفرعية: words:[""indem ""Workshops ""wir ""anbieten"" acceptedAnswers:[""indem wir Workshops anbieten"" explanationAr:""جملة indem تحمل فاعلها ثم فعلها في آخرها: «indem wir Workshops anbieten». تقديم الفعل على الفاعل يجعلها جملة رئيسية، وحذف wir يترك الوسيلة بلا من ينفّذها. فحص ذاتي: هل يأتي الفعل بعد كل عناصر الجزء؟"" {id:""b1-09-e4 typ","","","","",""
"sheet-6","1180","b1-09-e4","lesson-controlled","B1","b1-09","src/data/lessons-b1-module3.ts","هل يأتي الفعل بعد كل عناصر الجزء؟"" {id:""b1-09-e4 type:""error-correction promptAr:""صحح ترتيب الطريقة: sentence:""Die Stadt verbessert den Zugang, indem sie entfernt die Stufen. acceptedAnswers:[""Die Stadt verbessert den Zugang, indem sie die Stufen entfernt ""Die Stadt verbessert den Zugang, indem sie die Stufen entfernt."" explanationAr:""في جملة indem يذهب الفعل إلى النهاية بعد الفاعل والمفعول: «…, indem sie die Stufen ","","","","",""
"sheet-6","1181","b1-09-e5","lesson-controlled","B1","b1-09","src/data/lessons-b1-module3.ts","indem وأعد الفعل إلى جملة مستقلة."" {id:""b1-09-e5 type:""matching promptAr:""طابق الهدف بالمؤشر: pairs:[{left:""mehr Sicherheit right:""weniger Unfälle"" {left:""weniger Lärm right:""niedrigere Messwerte"" {left:""besserer Busverkehr right:""kürzere Verspätungen""} explanationAr:""المؤشر ما يُرصَد لا ما يُتمنّى: «mehr Sicherheit» يقابله «weniger Unfälle»، و«weniger Lärm» يقابله Werte مقاسة، و«besserer Busverkehr» يقابله kürzere V","","","","",""
"sheet-6","1182","b1-09-e6","lesson-controlled","B1","b1-09","src/data/lessons-b1-module3.ts","ص ذاتي: هل يمكن عدّ الطرف الأيمن؟"" {id:""b1-09-e6 type:""multiple-choice promptAr:""أي Pilot جيد؟ options:[""ثلاثة أشهر مع بيانات قبل وبعد وشروط تعديل. ""نجرب بلا مدة ولا قياس. ""نقرر أولًا ثم نسميه تجربة. ""نسمع طرفًا واحدًا فقط."" correctIndex: 0,explanationAr:""التجربة الجيدة لها مدة وبيانات قبل وبعد وشروط تعديل معلنة، كخيار الثلاثة أشهر. بلا مدة لا قرار، وبلا قياس لا دليل، وباسماع طرف واحد يخفى أثر التغيير على الباقين. فح","","","","",""
"sheet-6","1183","b1-09-e7","lesson-controlled","B1","b1-09","src/data/lessons-b1-module3.ts","ذاتي: هل يُعرف متى تُوقف التجربة؟"" {id:""b1-09-e7 type:""fill-blank promptAr:""أكمل العبارة: template:""Die Ergebnisse werden öffentlich ___. acceptedAnswers:[""gemacht ""veröffentlicht ""veroeffentlicht"" explanationAr:""الفعل يجب أن يسمّي ما حدث للنشر فعلًا: «Die Ergebnisse werden öffentlich gemacht» أي صارت مرئية للجميع. بدل عام يُبقي الطريقة مبهمة، وحذف öffentlich يجعل النشر داخليًا.""} reading:{titleDe:""Ein Radweg auf Pro","","","","",""
"sheet-6","1184","b1-09-lq1","lesson-listening","B1","b1-09-lq1","src/data/lessons-b1-module3.ts","مقترح والمؤشرات والمدة. questions:[{id:""b1-09-lq1 promptDe:""Was wünschen die Bewohner? promptAr:""ماذا يريد السكان؟ options:[""Mehr Verkehr ""Keine Grünfläche ""Nur Parkplätze ""Bäume und Sitzplätze"" correctIndex: 3,explanationAr:""أشجار ومقاعد للحر."" {id:""b1-09-lq2 promptDe:""Welches Problem nennt der Rollstuhlnutzer? promptAr:""ما المشكلة التي يذكرها مستخدم الكرسي؟ options:[""Die Rampe ist zu steil ""Zu wenig Schatten ""Keine","","","","",""
"sheet-6","1185","b1-09-lq2","lesson-listening","B1","b1-09-lq2","src/data/lessons-b1-module3.ts","explanationAr:""أشجار ومقاعد للحر."" {id:""b1-09-lq2 promptDe:""Welches Problem nennt der Rollstuhlnutzer? promptAr:""ما المشكلة التي يذكرها مستخدم الكرسي؟ options:[""Die Rampe ist zu steil ""Zu wenig Schatten ""Keine Geschäfte ""Zu viele Bäume"" correctIndex: 0,explanationAr:""المنحدر شديد الميل."" {id:""b1-09-lq3 promptDe:""Welche Größe wird nicht als Indikator genannt? promptAr:""أي مؤشر غير مذكور؟ options:[""Temperatur ""Nutzung ","","","","",""
"sheet-6","1186","b1-09-lq3","lesson-listening","B1","b1-09-lq3","src/data/lessons-b1-module3.ts","xplanationAr:""المنحدر شديد الميل."" {id:""b1-09-lq3 promptDe:""Welche Größe wird nicht als Indikator genannt? promptAr:""أي مؤشر غير مذكور؟ options:[""Temperatur ""Nutzung der Sitzplätze ""Zugänglichkeit ""Preis der Wohnungen"" correctIndex:3,explanationAr:""سعر الشقق غير مذكور.""}] pronunciation:{titleAr:""نبر الهدف والطريقة focus:""Ziel–indem–Methode explanationAr:""أبرز الهدف ثم فعل الطريقة: Wir erhöhen die SICHERHEIT, indem wi","","","","",""
"sheet-6","1187","b1-09-m1","lesson-mini-test","B1","b1-09","src/data/lessons-b1-module3.ts","الخروج قبل البدء.""} miniTest:[{id:""b1-09-m1 promptDe:""indem promptAr:""اختر: options:[""indem wir schützen den Radweg ""indem wir den Radweg schützen ""indem schützen wir ""wir indem Radweg"" correctIndex: 1,explanationAr:""الفعل في النهاية."" {id:""b1-09-m2 promptDe:""Ziel vs Indikator promptAr:""اختر المؤشر: options:[""mehr Sicherheit ""bessere Stadt ""weniger gezählte Unfälle ""schönere Zukunft"" correctIndex: 2,explanationAr:""عد","","","","",""
"sheet-6","1188","b1-09-m2","lesson-mini-test","B1","b1-09","src/data/lessons-b1-module3.ts",",explanationAr:""الفعل في النهاية."" {id:""b1-09-m2 promptDe:""Ziel vs Indikator promptAr:""اختر المؤشر: options:[""mehr Sicherheit ""bessere Stadt ""weniger gezählte Unfälle ""schönere Zukunft"" correctIndex: 2,explanationAr:""عدد الحوادث قابل للقياس."" {id:""b1-09-m3 promptDe:""Pilot promptAr:""الأفضل: options:[""قرار نهائي باسم تجربة ""بلا قياس ""طرف واحد ""Dauer, Daten, Kriterien und Anpassung"" correctIndex: 3,explanationAr:""تصميم ","","","","",""
"sheet-6","1189","b1-09-m3","lesson-mini-test","B1","b1-09","src/data/lessons-b1-module3.ts","ationAr:""عدد الحوادث قابل للقياس."" {id:""b1-09-m3 promptDe:""Pilot promptAr:""الأفضل: options:[""قرار نهائي باسم تجربة ""بلا قياس ""طرف واحد ""Dauer, Daten, Kriterien und Anpassung"" correctIndex: 3,explanationAr:""تصميم قابل للتقييم."" {id:""b1-09-m4 promptDe:""Passiv promptAr:""اختر: options:[""Die Daten werden veröffentlicht. ""Die Daten werden veröffentlichen. ""Die Daten veröffentlicht werden sie. ""Die Daten sind veröffentliche","","","","",""
"sheet-6","1190","b1-09-m4","lesson-mini-test","B1","b1-09","src/data/lessons-b1-module3.ts","xplanationAr:""تصميم قابل للتقييم."" {id:""b1-09-m4 promptDe:""Passiv promptAr:""اختر: options:[""Die Daten werden veröffentlicht. ""Die Daten werden veröffentlichen. ""Die Daten veröffentlicht werden sie. ""Die Daten sind veröffentlichen."" correctIndex:0,explanationAr:""werden + Partizip."" {id:""b1-09-m5 promptDe:""Perspektiven promptAr:""الأفضل: options:[""رأي المخطط فقط ""الأغلبية دون أثر ""Anwohner, Geschäfte, Verkehr und Barrie","","","","",""
"sheet-6","1191","b1-09-m5","lesson-mini-test","B1","b1-09","src/data/lessons-b1-module3.ts","explanationAr:""werden + Partizip."" {id:""b1-09-m5 promptDe:""Perspektiven promptAr:""الأفضل: options:[""رأي المخطط فقط ""الأغلبية دون أثر ""Anwohner, Geschäfte, Verkehr und Barrierefreiheit ""لا مخاطر"" correctIndex: 2,explanationAr:""فئات وتأثيرات متعددة.""} flashcards:cards(""b1-09 [[""die Stadtentwicklung ""تطوير المدينة ""Stadtentwicklung braucht klare Ziele."" [""der öffentliche Raum ""الفضاء العام ""Wie nutzen wir den öffentlich","","","","",""
"sheet-6","1192","b1-09-mediation","lesson-mediation","B1","b1-09-mediation","غير محلول آليًا — افتش المعرّف في src","","","","","",""
"sheet-6","1193","b1-09-rq1","lesson-reading","B1","b1-09-rq1","src/data/lessons-b1-module3.ts","ngen ar:""آثار جانبية""} questions:[{id:""b1-09-rq1 promptDe:""Warum startet die Stadt einen Pilotversuch? promptAr:""لماذا تبدأ المدينة تجربة؟ options:[""Weil alle bereits zustimmen. ""Um Daten zu vermeiden. ""Weil der Radweg schon dauerhaft ist. ""Um Wirkungen und Konflikte vor einer Dauerentscheidung zu prüfen."" correctIndex: 3,explanationAr:""لفحص النتائج قبل القرار الدائم."" {id:""b1-09-rq2 promptDe:""Welche negative Folge z","","","","",""
"sheet-6","1194","b1-09-rq2","lesson-reading","B1","b1-09-rq2","src/data/lessons-b1-module3.ts",":""لفحص النتائج قبل القرار الدائم."" {id:""b1-09-rq2 promptDe:""Welche negative Folge zeigt sich? promptAr:""ما النتيجة السلبية؟ options:[""Mehr gefährliche Situationen ""Weniger Radfahrer ""Einige Lieferungen dauern länger ""Keine Gespräche"" correctIndex: 2,explanationAr:""بعض التوصيلات أبطأ."" {id:""b1-09-rq3 promptDe:""Wann fällt die endgültige Entscheidung? promptAr:""متى القرار النهائي؟ options:[""Vor dem Start ""Nach Veröffent","","","","",""
"sheet-6","1195","b1-09-rq3","lesson-reading","B1","b1-09-rq3","src/data/lessons-b1-module3.ts","xplanationAr:""بعض التوصيلات أبطأ."" {id:""b1-09-rq3 promptDe:""Wann fällt die endgültige Entscheidung? promptAr:""متى القرار النهائي؟ options:[""Vor dem Start ""Nach Veröffentlichung aller Daten ""Nach zwei Tagen ""Ohne Stadtrat"" correctIndex:1,explanationAr:""بعد نهاية التجربة ونشر البيانات.""}] listening:{titleDe:""Bürgerdialog zur Grünfläche titleAr:""حوار مواطنين حول مساحة خضراء transcriptDe:""Moderatorin: Die Stadt möchte ei","","","","",""
"sheet-6","1196","b1-09-speaking","lesson-speaking","B1","b1-09-speaking","غير محلول آليًا — افتش المعرّف في src","","","","","",""
"sheet-6","1197","b1-09-writing","lesson-writing","B1","b1-09-writing","غير محلول آليًا — افتش المعرّف في src","","","","","",""
"sheet-6","1198","b1-10-e1","lesson-controlled","B1","b1-10","src/data/lessons-b1-module4.ts","ادة البيع."" exercises:[{id:""b1-10-e1 type:""multiple-choice promptAr:""اختر statt … zu الصحيح: options:[""Statt sie kauft neu, repariert. ""Statt neu zu kaufen, repariert sie das Gerät. ""Statt zu neu kaufen sie. ""Sie statt repariert kaufen."" correctIndex: 1,explanationAr:""«Statt neu zu kaufen, repariert sie das Gerät» — مصدر واحد مع zu لأن الفاعل واحد. «Statt sie kauft neu» يبني جملة رئيسية بلا رابط، و«Statt zu neu kaufe","objective-not-traced","","","",""
"sheet-6","1199","b1-10-e2","lesson-controlled","B1","b1-10","src/data/lessons-b1-module4.ts","» يضع zu في غير موضعه من المركّب."" {id:""b1-10-e2 type:""fill-blank promptAr:""أكمل الخطوة الناقصة: template:""Sie bestellt, ___ die Preise zu vergleichen. acceptedAnswers:[""ohne"" explanationAr:""الشراء تمّ دون أن تتحقّق المقارنة، فيأتي ohne مع المصدر: «Sie bestellt, ohne die Preise zu vergleichen». dass تحتاج فعلًا مُصرَّفًا وفاعلًا ظاهرًا، و um…zu تعطي غاية لا انتفاءً. فحص ذاتي: هل المقارنة غابت فعلًا؟"" {id:""b1-10-e3 ty","objective-not-traced","","","",""
"sheet-6","1200","b1-10-e3","lesson-controlled","B1","b1-10","src/data/lessons-b1-module4.ts","فحص ذاتي: هل المقارنة غابت فعلًا؟"" {id:""b1-10-e3 type:""word-ordering promptAr:""الفعل المنفصل: words:[""statt ""das Gerät ""wegzuwerfen"" acceptedAnswers:[""statt das Gerät wegzuwerfen"" explanationAr:""بعد «statt» يأتي المصدر مع zu، وفي الفعل المنفصل تُدرَج zu بين البادئة والجذر: weg + zu + werfen. كتابة «wegzuwerfen» بلا فاصل أو «werfen zu weg» تفصل البادئة عن جذرها. فحص ذاتي: هل zu ملتصقة بالجذر؟"" {id:""b1-10-e4 type:""erro","objective-not-traced","","","",""
